h,DT
1,18.00257248
2,18.74005917
3,16.53250268
4,15.64616806
5,13.09000743
6,12.75414798
7,12.56743773
8,26.23145305
9,29.73223739
10,30.17813769
11,29.13787102
12,26.56676514
13,24.05278494
14,14.13134265
15,14.42077135
16,27.1820659
17,41.4652234
18,54.87927372
19,60.32528116
20,55.22065469
21,33.9450002
22,32.35796193
23,30.49564569
24,25.45748078
25,18.00257248
26,18.74005917
27,16.53250268
28,15.64616806
29,13.09000743
30,12.75414798
31,12.56743773
32,26.23145305
33,29.73223739
34,30.17813769
35,29.13787102
36,26.56676514
37,24.05278494
38,14.13134265
39,14.42077135
40,27.1820659
41,41.4652234
42,54.87927372
43,60.32528116
44,55.22065469
45,33.9450002
46,32.35796193
47,30.49564569
48,25.45748078
49,18.00257248
50,18.74005917
51,16.53250268
52,15.64616806
53,13.09000743
54,12.75414798
55,12.56743773
56,26.23145305
57,29.73223739
58,30.17813769
59,29.13787102
60,26.56676514
61,24.05278494
62,14.13134265
63,14.42077135
64,27.1820659
65,41.4652234
66,54.87927372
67,60.32528116
68,55.22065469
69,33.9450002
70,32.35796193
71,30.49564569
72,25.45748078
73,18.00257248
74,18.74005917
75,16.53250268
76,15.64616806
77,13.09000743
78,12.75414798
79,12.56743773
80,26.23145305
81,29.73223739
82,30.17813769
83,29.13787102
84,26.56676514
85,24.05278494
86,14.13134265
87,14.42077135
88,27.1820659
89,41.4652234
90,54.87927372
91,60.32528116
92,55.22065469
93,33.9450002
94,32.35796193
95,30.49564569
96,25.45748078
97,18.00257248
98,18.74005917
99,16.53250268
100,15.64616806
101,13.09000743
102,12.75414798
103,12.56743773
104,26.23145305
105,29.73223739
106,30.17813769
107,29.13787102
108,26.56676514
109,24.05278494
110,14.13134265
111,14.42077135
112,27.1820659
113,41.4652234
114,54.87927372
115,60.32528116
116,55.22065469
117,33.9450002
118,32.35796193
119,30.49564569
120,25.45748078
121,18.00257248
122,18.74005917
123,16.53250268
124,15.64616806
125,13.09000743
126,12.75414798
127,12.56743773
128,26.23145305
129,29.73223739
130,30.17813769
131,29.13787102
132,26.56676514
133,24.05278494
134,14.13134265
135,14.42077135
136,27.1820659
137,41.4652234
138,54.87927372
139,60.32528116
140,55.22065469
141,33.9450002
142,32.35796193
143,30.49564569
144,25.45748078
145,18.00257248
146,18.74005917
147,16.53250268
148,15.64616806
149,13.09000743
150,12.75414798
151,12.56743773
152,26.23145305
153,29.73223739
154,30.17813769
155,29.13787102
156,26.56676514
157,24.05278494
158,14.13134265
159,14.42077135
160,27.1820659
161,41.4652234
162,54.87927372
163,60.32528116
164,55.22065469
165,33.9450002
166,32.35796193
167,30.49564569
168,25.45748078
169,18.00257248
170,18.74005917
171,16.53250268
172,15.64616806
173,13.09000743
174,12.75414798
175,12.56743773
176,26.23145305
177,29.73223739
178,30.17813769
179,29.13787102
180,26.56676514
181,24.05278494
182,14.13134265
183,14.42077135
184,27.1820659
185,41.4652234
186,54.87927372
187,60.32528116
188,55.22065469
189,33.9450002
190,32.35796193
191,30.49564569
192,25.45748078
193,18.00257248
194,18.74005917
195,16.53250268
196,15.64616806
197,13.09000743
198,12.75414798
199,12.56743773
200,26.23145305
201,29.73223739
202,30.17813769
203,29.13787102
204,26.56676514
205,24.05278494
206,14.13134265
207,14.42077135
208,27.1820659
209,41.4652234
210,54.87927372
211,60.32528116
212,55.22065469
213,33.9450002
214,32.35796193
215,30.49564569
216,25.45748078
217,18.00257248
218,18.74005917
219,16.53250268
220,15.64616806
221,13.09000743
222,12.75414798
223,12.56743773
224,26.23145305
225,29.73223739
226,30.17813769
227,29.13787102
228,26.56676514
229,24.05278494
230,14.13134265
231,14.42077135
232,27.1820659
233,41.4652234
234,54.87927372
235,60.32528116
236,55.22065469
237,33.9450002
238,32.35796193
239,30.49564569
240,25.45748078
241,18.00257248
242,18.74005917
243,16.53250268
244,15.64616806
245,13.09000743
246,12.75414798
247,12.56743773
248,26.23145305
249,29.73223739
250,30.17813769
251,29.13787102
252,26.56676514
253,24.05278494
254,14.13134265
255,14.42077135
256,27.1820659
257,41.4652234
258,54.87927372
259,60.32528116
260,55.22065469
261,33.9450002
262,32.35796193
263,30.49564569
264,25.45748078
265,18.00257248
266,18.74005917
267,16.53250268
268,15.64616806
269,13.09000743
270,12.75414798
271,12.56743773
272,26.23145305
273,29.73223739
274,30.17813769
275,29.13787102
276,26.56676514
277,24.05278494
278,14.13134265
279,14.42077135
280,27.1820659
281,41.4652234
282,54.87927372
283,60.32528116
284,55.22065469
285,33.9450002
286,32.35796193
287,30.49564569
288,25.45748078
289,18.00257248
290,18.74005917
291,16.53250268
292,15.64616806
293,13.09000743
294,12.75414798
295,12.56743773
296,26.23145305
297,29.73223739
298,30.17813769
299,29.13787102
300,26.56676514
301,24.05278494
302,14.13134265
303,14.42077135
304,27.1820659
305,41.4652234
306,54.87927372
307,60.32528116
308,55.22065469
309,33.9450002
310,32.35796193
311,30.49564569
312,25.45748078
313,18.00257248
314,18.74005917
315,16.53250268
316,15.64616806
317,13.09000743
318,12.75414798
319,12.56743773
320,26.23145305
321,29.73223739
322,30.17813769
323,29.13787102
324,26.56676514
325,24.05278494
326,14.13134265
327,14.42077135
328,27.1820659
329,41.4652234
330,54.87927372
331,60.32528116
332,55.22065469
333,33.9450002
334,32.35796193
335,30.49564569
336,25.45748078
337,18.00257248
338,18.74005917
339,16.53250268
340,15.64616806
341,13.09000743
342,12.75414798
343,12.56743773
344,26.23145305
345,29.73223739
346,30.17813769
347,29.13787102
348,26.56676514
349,24.05278494
350,14.13134265
351,14.42077135
352,27.1820659
353,41.4652234
354,54.87927372
355,60.32528116
356,55.22065469
357,33.9450002
358,32.35796193
359,30.49564569
360,25.45748078
361,18.00257248
362,18.74005917
363,16.53250268
364,15.64616806
365,13.09000743
366,12.75414798
367,12.56743773
368,26.23145305
369,29.73223739
370,30.17813769
371,29.13787102
372,26.56676514
373,24.05278494
374,14.13134265
375,14.42077135
376,27.1820659
377,41.4652234
378,54.87927372
379,60.32528116
380,55.22065469
381,33.9450002
382,32.35796193
383,30.49564569
384,25.45748078
385,18.00257248
386,18.74005917
387,16.53250268
388,15.64616806
389,13.09000743
390,12.75414798
391,12.56743773
392,26.23145305
393,29.73223739
394,30.17813769
395,29.13787102
396,26.56676514
397,24.05278494
398,14.13134265
399,14.42077135
400,27.1820659
401,41.4652234
402,54.87927372
403,60.32528116
404,55.22065469
405,33.9450002
406,32.35796193
407,30.49564569
408,25.45748078
409,18.00257248
410,18.74005917
411,16.53250268
412,15.64616806
413,13.09000743
414,12.75414798
415,12.56743773
416,26.23145305
417,29.73223739
418,30.17813769
419,29.13787102
420,26.56676514
421,24.05278494
422,14.13134265
423,14.42077135
424,27.1820659
425,41.4652234
426,54.87927372
427,60.32528116
428,55.22065469
429,33.9450002
430,32.35796193
431,30.49564569
432,25.45748078
433,18.00257248
434,18.74005917
435,16.53250268
436,15.64616806
437,13.09000743
438,12.75414798
439,12.56743773
440,26.23145305
441,29.73223739
442,30.17813769
443,29.13787102
444,26.56676514
445,24.05278494
446,14.13134265
447,14.42077135
448,27.1820659
449,41.4652234
450,54.87927372
451,60.32528116
452,55.22065469
453,33.9450002
454,32.35796193
455,30.49564569
456,25.45748078
457,18.00257248
458,18.74005917
459,16.53250268
460,15.64616806
461,13.09000743
462,12.75414798
463,12.56743773
464,26.23145305
465,29.73223739
466,30.17813769
467,29.13787102
468,26.56676514
469,24.05278494
470,14.13134265
471,14.42077135
472,27.1820659
473,41.4652234
474,54.87927372
475,60.32528116
476,55.22065469
477,33.9450002
478,32.35796193
479,30.49564569
480,25.45748078
481,18.00257248
482,18.74005917
483,16.53250268
484,15.64616806
485,13.09000743
486,12.75414798
487,12.56743773
488,26.23145305
489,29.73223739
490,30.17813769
491,29.13787102
492,26.56676514
493,24.05278494
494,14.13134265
495,14.42077135
496,27.1820659
497,41.4652234
498,54.87927372
499,60.32528116
500,55.22065469
501,33.9450002
502,32.35796193
503,30.49564569
504,25.45748078
505,18.00257248
506,18.74005917
507,16.53250268
508,15.64616806
509,13.09000743
510,12.75414798
511,12.56743773
512,26.23145305
513,29.73223739
514,30.17813769
515,29.13787102
516,26.56676514
517,24.05278494
518,14.13134265
519,14.42077135
520,27.1820659
521,41.4652234
522,54.87927372
523,60.32528116
524,55.22065469
525,33.9450002
526,32.35796193
527,30.49564569
528,25.45748078
529,18.00257248
530,18.74005917
531,16.53250268
532,15.64616806
533,13.09000743
534,12.75414798
535,12.56743773
536,26.23145305
537,29.73223739
538,30.17813769
539,29.13787102
540,26.56676514
541,24.05278494
542,14.13134265
543,14.42077135
544,27.1820659
545,41.4652234
546,54.87927372
547,60.32528116
548,55.22065469
549,33.9450002
550,32.35796193
551,30.49564569
552,25.45748078
553,18.00257248
554,18.74005917
555,16.53250268
556,15.64616806
557,13.09000743
558,12.75414798
559,12.56743773
560,26.23145305
561,29.73223739
562,30.17813769
563,29.13787102
564,26.56676514
565,24.05278494
566,14.13134265
567,14.42077135
568,27.1820659
569,41.4652234
570,54.87927372
571,60.32528116
572,55.22065469
573,33.9450002
574,32.35796193
575,30.49564569
576,25.45748078
577,18.00257248
578,18.74005917
579,16.53250268
580,15.64616806
581,13.09000743
582,12.75414798
583,12.56743773
584,26.23145305
585,29.73223739
586,30.17813769
587,29.13787102
588,26.56676514
589,24.05278494
590,14.13134265
591,14.42077135
592,27.1820659
593,41.4652234
594,54.87927372
595,60.32528116
596,55.22065469
597,33.9450002
598,32.35796193
599,30.49564569
600,25.45748078
601,18.00257248
602,18.74005917
603,16.53250268
604,15.64616806
605,13.09000743
606,12.75414798
607,12.56743773
608,26.23145305
609,29.73223739
610,30.17813769
611,29.13787102
612,26.56676514
613,24.05278494
614,14.13134265
615,14.42077135
616,27.1820659
617,41.4652234
618,54.87927372
619,60.32528116
620,55.22065469
621,33.9450002
622,32.35796193
623,30.49564569
624,25.45748078
625,18.00257248
626,18.74005917
627,16.53250268
628,15.64616806
629,13.09000743
630,12.75414798
631,12.56743773
632,26.23145305
633,29.73223739
634,30.17813769
635,29.13787102
636,26.56676514
637,24.05278494
638,14.13134265
639,14.42077135
640,27.1820659
641,41.4652234
642,54.87927372
643,60.32528116
644,55.22065469
645,33.9450002
646,32.35796193
647,30.49564569
648,25.45748078
649,18.00257248
650,18.74005917
651,16.53250268
652,15.64616806
653,13.09000743
654,12.75414798
655,12.56743773
656,26.23145305
657,29.73223739
658,30.17813769
659,29.13787102
660,26.56676514
661,24.05278494
662,14.13134265
663,14.42077135
664,27.1820659
665,41.4652234
666,54.87927372
667,60.32528116
668,55.22065469
669,33.9450002
670,32.35796193
671,30.49564569
672,25.45748078
673,18.00257248
674,18.74005917
675,16.53250268
676,15.64616806
677,13.09000743
678,12.75414798
679,12.56743773
680,26.23145305
681,29.73223739
682,30.17813769
683,29.13787102
684,26.56676514
685,24.05278494
686,14.13134265
687,14.42077135
688,27.1820659
689,41.4652234
690,54.87927372
691,60.32528116
692,55.22065469
693,33.9450002
694,32.35796193
695,30.49564569
696,25.45748078
697,18.00257248
698,18.74005917
699,16.53250268
700,15.64616806
701,13.09000743
702,12.75414798
703,12.56743773
704,26.23145305
705,29.73223739
706,30.17813769
707,29.13787102
708,26.56676514
709,24.05278494
710,14.13134265
711,14.42077135
712,27.1820659
713,41.4652234
714,54.87927372
715,60.32528116
716,55.22065469
717,33.9450002
718,32.35796193
719,30.49564569
720,25.45748078
721,18.00257248
722,18.74005917
723,16.53250268
724,15.64616806
725,13.09000743
726,12.75414798
727,12.56743773
728,26.23145305
729,29.73223739
730,30.17813769
731,29.13787102
732,26.56676514
733,24.05278494
734,14.13134265
735,14.42077135
736,27.1820659
737,41.4652234
738,54.87927372
739,60.32528116
740,55.22065469
741,33.9450002
742,32.35796193
743,30.49564569
744,25.45748078
745,18.00257248
746,18.74005917
747,16.53250268
748,15.64616806
749,13.09000743
750,12.75414798
751,12.56743773
752,26.23145305
753,29.73223739
754,30.17813769
755,29.13787102
756,26.56676514
757,24.05278494
758,14.13134265
759,14.42077135
760,27.1820659
761,41.4652234
762,54.87927372
763,60.32528116
764,55.22065469
765,33.9450002
766,32.35796193
767,30.49564569
768,25.45748078
769,18.00257248
770,18.74005917
771,16.53250268
772,15.64616806
773,13.09000743
774,12.75414798
775,12.56743773
776,26.23145305
777,29.73223739
778,30.17813769
779,29.13787102
780,26.56676514
781,24.05278494
782,14.13134265
783,14.42077135
784,27.1820659
785,41.4652234
786,54.87927372
787,60.32528116
788,55.22065469
789,33.9450002
790,32.35796193
791,30.49564569
792,25.45748078
793,18.00257248
794,18.74005917
795,16.53250268
796,15.64616806
797,13.09000743
798,12.75414798
799,12.56743773
800,26.23145305
801,29.73223739
802,30.17813769
803,29.13787102
804,26.56676514
805,24.05278494
806,14.13134265
807,14.42077135
808,27.1820659
809,41.4652234
810,54.87927372
811,60.32528116
812,55.22065469
813,33.9450002
814,32.35796193
815,30.49564569
816,25.45748078
817,18.00257248
818,18.74005917
819,16.53250268
820,15.64616806
821,13.09000743
822,12.75414798
823,12.56743773
824,26.23145305
825,29.73223739
826,30.17813769
827,29.13787102
828,26.56676514
829,24.05278494
830,14.13134265
831,14.42077135
832,27.1820659
833,41.4652234
834,54.87927372
835,60.32528116
836,55.22065469
837,33.9450002
838,32.35796193
839,30.49564569
840,25.45748078
841,18.00257248
842,18.74005917
843,16.53250268
844,15.64616806
845,13.09000743
846,12.75414798
847,12.56743773
848,26.23145305
849,29.73223739
850,30.17813769
851,29.13787102
852,26.56676514
853,24.05278494
854,14.13134265
855,14.42077135
856,27.1820659
857,41.4652234
858,54.87927372
859,60.32528116
860,55.22065469
861,33.9450002
862,32.35796193
863,30.49564569
864,25.45748078
865,18.00257248
866,18.74005917
867,16.53250268
868,15.64616806
869,13.09000743
870,12.75414798
871,12.56743773
872,26.23145305
873,29.73223739
874,30.17813769
875,29.13787102
876,26.56676514
877,24.05278494
878,14.13134265
879,14.42077135
880,27.1820659
881,41.4652234
882,54.87927372
883,60.32528116
884,55.22065469
885,33.9450002
886,32.35796193
887,30.49564569
888,25.45748078
889,18.00257248
890,18.74005917
891,16.53250268
892,15.64616806
893,13.09000743
894,12.75414798
895,12.56743773
896,26.23145305
897,29.73223739
898,30.17813769
899,29.13787102
900,26.56676514
901,24.05278494
902,14.13134265
903,14.42077135
904,27.1820659
905,41.4652234
906,54.87927372
907,60.32528116
908,55.22065469
909,33.9450002
910,32.35796193
911,30.49564569
912,25.45748078
913,18.00257248
914,18.74005917
915,16.53250268
916,15.64616806
917,13.09000743
918,12.75414798
919,12.56743773
920,26.23145305
921,29.73223739
922,30.17813769
923,29.13787102
924,26.56676514
925,24.05278494
926,14.13134265
927,14.42077135
928,27.1820659
929,41.4652234
930,54.87927372
931,60.32528116
932,55.22065469
933,33.9450002
934,32.35796193
935,30.49564569
936,25.45748078
937,18.00257248
938,18.74005917
939,16.53250268
940,15.64616806
941,13.09000743
942,12.75414798
943,12.56743773
944,26.23145305
945,29.73223739
946,30.17813769
947,29.13787102
948,26.56676514
949,24.05278494
950,14.13134265
951,14.42077135
952,27.1820659
953,41.4652234
954,54.87927372
955,60.32528116
956,55.22065469
957,33.9450002
958,32.35796193
959,30.49564569
960,25.45748078
961,18.00257248
962,18.74005917
963,16.53250268
964,15.64616806
965,13.09000743
966,12.75414798
967,12.56743773
968,26.23145305
969,29.73223739
970,30.17813769
971,29.13787102
972,26.56676514
973,24.05278494
974,14.13134265
975,14.42077135
976,27.1820659
977,41.4652234
978,54.87927372
979,60.32528116
980,55.22065469
981,33.9450002
982,32.35796193
983,30.49564569
984,25.45748078
985,18.00257248
986,18.74005917
987,16.53250268
988,15.64616806
989,13.09000743
990,12.75414798
991,12.56743773
992,26.23145305
993,29.73223739
994,30.17813769
995,29.13787102
996,26.56676514
997,24.05278494
998,14.13134265
999,14.42077135
1000,27.1820659
1001,41.4652234
1002,54.87927372
1003,60.32528116
1004,55.22065469
1005,33.9450002
1006,32.35796193
1007,30.49564569
1008,25.45748078
1009,18.00257248
1010,18.74005917
1011,16.53250268
1012,15.64616806
1013,13.09000743
1014,12.75414798
1015,12.56743773
1016,26.23145305
1017,29.73223739
1018,30.17813769
1019,29.13787102
1020,26.56676514
1021,24.05278494
1022,14.13134265
1023,14.42077135
1024,27.1820659
1025,41.4652234
1026,54.87927372
1027,60.32528116
1028,55.22065469
1029,33.9450002
1030,32.35796193
1031,30.49564569
1032,25.45748078
1033,18.00257248
1034,18.74005917
1035,16.53250268
1036,15.64616806
1037,13.09000743
1038,12.75414798
1039,12.56743773
1040,26.23145305
1041,29.73223739
1042,30.17813769
1043,29.13787102
1044,26.56676514
1045,24.05278494
1046,14.13134265
1047,14.42077135
1048,27.1820659
1049,41.4652234
1050,54.87927372
1051,60.32528116
1052,55.22065469
1053,33.9450002
1054,32.35796193
1055,30.49564569
1056,25.45748078
1057,18.00257248
1058,18.74005917
1059,16.53250268
1060,15.64616806
1061,13.09000743
1062,12.75414798
1063,12.56743773
1064,26.23145305
1065,29.73223739
1066,30.17813769
1067,29.13787102
1068,26.56676514
1069,24.05278494
1070,14.13134265
1071,14.42077135
1072,27.1820659
1073,41.4652234
1074,54.87927372
1075,60.32528116
1076,55.22065469
1077,33.9450002
1078,32.35796193
1079,30.49564569
1080,25.45748078
1081,18.00257248
1082,18.74005917
1083,16.53250268
1084,15.64616806
1085,13.09000743
1086,12.75414798
1087,12.56743773
1088,26.23145305
1089,29.73223739
1090,30.17813769
1091,29.13787102
1092,26.56676514
1093,24.05278494
1094,14.13134265
1095,14.42077135
1096,27.1820659
1097,41.4652234
1098,54.87927372
1099,60.32528116
1100,55.22065469
1101,33.9450002
1102,32.35796193
1103,30.49564569
1104,25.45748078
1105,18.00257248
1106,18.74005917
1107,16.53250268
1108,15.64616806
1109,13.09000743
1110,12.75414798
1111,12.56743773
1112,26.23145305
1113,29.73223739
1114,30.17813769
1115,29.13787102
1116,26.56676514
1117,24.05278494
1118,14.13134265
1119,14.42077135
1120,27.1820659
1121,41.4652234
1122,54.87927372
1123,60.32528116
1124,55.22065469
1125,33.9450002
1126,32.35796193
1127,30.49564569
1128,25.45748078
1129,18.00257248
1130,18.74005917
1131,16.53250268
1132,15.64616806
1133,13.09000743
1134,12.75414798
1135,12.56743773
1136,26.23145305
1137,29.73223739
1138,30.17813769
1139,29.13787102
1140,26.56676514
1141,24.05278494
1142,14.13134265
1143,14.42077135
1144,27.1820659
1145,41.4652234
1146,54.87927372
1147,60.32528116
1148,55.22065469
1149,33.9450002
1150,32.35796193
1151,30.49564569
1152,25.45748078
1153,18.00257248
1154,18.74005917
1155,16.53250268
1156,15.64616806
1157,13.09000743
1158,12.75414798
1159,12.56743773
1160,26.23145305
1161,29.73223739
1162,30.17813769
1163,29.13787102
1164,26.56676514
1165,24.05278494
1166,14.13134265
1167,14.42077135
1168,27.1820659
1169,41.4652234
1170,54.87927372
1171,60.32528116
1172,55.22065469
1173,33.9450002
1174,32.35796193
1175,30.49564569
1176,25.45748078
1177,18.00257248
1178,18.74005917
1179,16.53250268
1180,15.64616806
1181,13.09000743
1182,12.75414798
1183,12.56743773
1184,26.23145305
1185,29.73223739
1186,30.17813769
1187,29.13787102
1188,26.56676514
1189,24.05278494
1190,14.13134265
1191,14.42077135
1192,27.1820659
1193,41.4652234
1194,54.87927372
1195,60.32528116
1196,55.22065469
1197,33.9450002
1198,32.35796193
1199,30.49564569
1200,25.45748078
1201,18.00257248
1202,18.74005917
1203,16.53250268
1204,15.64616806
1205,13.09000743
1206,12.75414798
1207,12.56743773
1208,26.23145305
1209,29.73223739
1210,30.17813769
1211,29.13787102
1212,26.56676514
1213,24.05278494
1214,14.13134265
1215,14.42077135
1216,27.1820659
1217,41.4652234
1218,54.87927372
1219,60.32528116
1220,55.22065469
1221,33.9450002
1222,32.35796193
1223,30.49564569
1224,25.45748078
1225,18.00257248
1226,18.74005917
1227,16.53250268
1228,15.64616806
1229,13.09000743
1230,12.75414798
1231,12.56743773
1232,26.23145305
1233,29.73223739
1234,30.17813769
1235,29.13787102
1236,26.56676514
1237,24.05278494
1238,14.13134265
1239,14.42077135
1240,27.1820659
1241,41.4652234
1242,54.87927372
1243,60.32528116
1244,55.22065469
1245,33.9450002
1246,32.35796193
1247,30.49564569
1248,25.45748078
1249,18.00257248
1250,18.74005917
1251,16.53250268
1252,15.64616806
1253,13.09000743
1254,12.75414798
1255,12.56743773
1256,26.23145305
1257,29.73223739
1258,30.17813769
1259,29.13787102
1260,26.56676514
1261,24.05278494
1262,14.13134265
1263,14.42077135
1264,27.1820659
1265,41.4652234
1266,54.87927372
1267,60.32528116
1268,55.22065469
1269,33.9450002
1270,32.35796193
1271,30.49564569
1272,25.45748078
1273,18.00257248
1274,18.74005917
1275,16.53250268
1276,15.64616806
1277,13.09000743
1278,12.75414798
1279,12.56743773
1280,26.23145305
1281,29.73223739
1282,30.17813769
1283,29.13787102
1284,26.56676514
1285,24.05278494
1286,14.13134265
1287,14.42077135
1288,27.1820659
1289,41.4652234
1290,54.87927372
1291,60.32528116
1292,55.22065469
1293,33.9450002
1294,32.35796193
1295,30.49564569
1296,25.45748078
1297,18.00257248
1298,18.74005917
1299,16.53250268
1300,15.64616806
1301,13.09000743
1302,12.75414798
1303,12.56743773
1304,26.23145305
1305,29.73223739
1306,30.17813769
1307,29.13787102
1308,26.56676514
1309,24.05278494
1310,14.13134265
1311,14.42077135
1312,27.1820659
1313,41.4652234
1314,54.87927372
1315,60.32528116
1316,55.22065469
1317,33.9450002
1318,32.35796193
1319,30.49564569
1320,25.45748078
1321,18.00257248
1322,18.74005917
1323,16.53250268
1324,15.64616806
1325,13.09000743
1326,12.75414798
1327,12.56743773
1328,26.23145305
1329,29.73223739
1330,30.17813769
1331,29.13787102
1332,26.56676514
1333,24.05278494
1334,14.13134265
1335,14.42077135
1336,27.1820659
1337,41.4652234
1338,54.87927372
1339,60.32528116
1340,55.22065469
1341,33.9450002
1342,32.35796193
1343,30.49564569
1344,25.45748078
1345,18.00257248
1346,18.74005917
1347,16.53250268
1348,15.64616806
1349,13.09000743
1350,12.75414798
1351,12.56743773
1352,26.23145305
1353,29.73223739
1354,30.17813769
1355,29.13787102
1356,26.56676514
1357,24.05278494
1358,14.13134265
1359,14.42077135
1360,27.1820659
1361,41.4652234
1362,54.87927372
1363,60.32528116
1364,55.22065469
1365,33.9450002
1366,32.35796193
1367,30.49564569
1368,25.45748078
1369,18.00257248
1370,18.74005917
1371,16.53250268
1372,15.64616806
1373,13.09000743
1374,12.75414798
1375,12.56743773
1376,26.23145305
1377,29.73223739
1378,30.17813769
1379,29.13787102
1380,26.56676514
1381,24.05278494
1382,14.13134265
1383,14.42077135
1384,27.1820659
1385,41.4652234
1386,54.87927372
1387,60.32528116
1388,55.22065469
1389,33.9450002
1390,32.35796193
1391,30.49564569
1392,25.45748078
1393,18.00257248
1394,18.74005917
1395,16.53250268
1396,15.64616806
1397,13.09000743
1398,12.75414798
1399,12.56743773
1400,26.23145305
1401,29.73223739
1402,30.17813769
1403,29.13787102
1404,26.56676514
1405,24.05278494
1406,14.13134265
1407,14.42077135
1408,27.1820659
1409,41.4652234
1410,54.87927372
1411,60.32528116
1412,55.22065469
1413,33.9450002
1414,32.35796193
1415,30.49564569
1416,25.45748078
1417,18.00257248
1418,18.74005917
1419,16.53250268
1420,15.64616806
1421,13.09000743
1422,12.75414798
1423,12.56743773
1424,26.23145305
1425,29.73223739
1426,30.17813769
1427,29.13787102
1428,26.56676514
1429,24.05278494
1430,14.13134265
1431,14.42077135
1432,27.1820659
1433,41.4652234
1434,54.87927372
1435,60.32528116
1436,55.22065469
1437,33.9450002
1438,32.35796193
1439,30.49564569
1440,25.45748078
1441,18.00257248
1442,18.74005917
1443,16.53250268
1444,15.64616806
1445,13.09000743
1446,12.75414798
1447,12.56743773
1448,26.23145305
1449,29.73223739
1450,30.17813769
1451,29.13787102
1452,26.56676514
1453,24.05278494
1454,14.13134265
1455,14.42077135
1456,27.1820659
1457,41.4652234
1458,54.87927372
1459,60.32528116
1460,55.22065469
1461,33.9450002
1462,32.35796193
1463,30.49564569
1464,25.45748078
1465,18.00257248
1466,18.74005917
1467,16.53250268
1468,15.64616806
1469,13.09000743
1470,12.75414798
1471,12.56743773
1472,26.23145305
1473,29.73223739
1474,30.17813769
1475,29.13787102
1476,26.56676514
1477,24.05278494
1478,14.13134265
1479,14.42077135
1480,27.1820659
1481,41.4652234
1482,54.87927372
1483,60.32528116
1484,55.22065469
1485,33.9450002
1486,32.35796193
1487,30.49564569
1488,25.45748078
1489,18.00257248
1490,18.74005917
1491,16.53250268
1492,15.64616806
1493,13.09000743
1494,12.75414798
1495,12.56743773
1496,26.23145305
1497,29.73223739
1498,30.17813769
1499,29.13787102
1500,26.56676514
1501,24.05278494
1502,14.13134265
1503,14.42077135
1504,27.1820659
1505,41.4652234
1506,54.87927372
1507,60.32528116
1508,55.22065469
1509,33.9450002
1510,32.35796193
1511,30.49564569
1512,25.45748078
1513,18.00257248
1514,18.74005917
1515,16.53250268
1516,15.64616806
1517,13.09000743
1518,12.75414798
1519,12.56743773
1520,26.23145305
1521,29.73223739
1522,30.17813769
1523,29.13787102
1524,26.56676514
1525,24.05278494
1526,14.13134265
1527,14.42077135
1528,27.1820659
1529,41.4652234
1530,54.87927372
1531,60.32528116
1532,55.22065469
1533,33.9450002
1534,32.35796193
1535,30.49564569
1536,25.45748078
1537,18.00257248
1538,18.74005917
1539,16.53250268
1540,15.64616806
1541,13.09000743
1542,12.75414798
1543,12.56743773
1544,26.23145305
1545,29.73223739
1546,30.17813769
1547,29.13787102
1548,26.56676514
1549,24.05278494
1550,14.13134265
1551,14.42077135
1552,27.1820659
1553,41.4652234
1554,54.87927372
1555,60.32528116
1556,55.22065469
1557,33.9450002
1558,32.35796193
1559,30.49564569
1560,25.45748078
1561,18.00257248
1562,18.74005917
1563,16.53250268
1564,15.64616806
1565,13.09000743
1566,12.75414798
1567,12.56743773
1568,26.23145305
1569,29.73223739
1570,30.17813769
1571,29.13787102
1572,26.56676514
1573,24.05278494
1574,14.13134265
1575,14.42077135
1576,27.1820659
1577,41.4652234
1578,54.87927372
1579,60.32528116
1580,55.22065469
1581,33.9450002
1582,32.35796193
1583,30.49564569
1584,25.45748078
1585,18.00257248
1586,18.74005917
1587,16.53250268
1588,15.64616806
1589,13.09000743
1590,12.75414798
1591,12.56743773
1592,26.23145305
1593,29.73223739
1594,30.17813769
1595,29.13787102
1596,26.56676514
1597,24.05278494
1598,14.13134265
1599,14.42077135
1600,27.1820659
1601,41.4652234
1602,54.87927372
1603,60.32528116
1604,55.22065469
1605,33.9450002
1606,32.35796193
1607,30.49564569
1608,25.45748078
1609,18.00257248
1610,18.74005917
1611,16.53250268
1612,15.64616806
1613,13.09000743
1614,12.75414798
1615,12.56743773
1616,26.23145305
1617,29.73223739
1618,30.17813769
1619,29.13787102
1620,26.56676514
1621,24.05278494
1622,14.13134265
1623,14.42077135
1624,27.1820659
1625,41.4652234
1626,54.87927372
1627,60.32528116
1628,55.22065469
1629,33.9450002
1630,32.35796193
1631,30.49564569
1632,25.45748078
1633,18.00257248
1634,18.74005917
1635,16.53250268
1636,15.64616806
1637,13.09000743
1638,12.75414798
1639,12.56743773
1640,26.23145305
1641,29.73223739
1642,30.17813769
1643,29.13787102
1644,26.56676514
1645,24.05278494
1646,14.13134265
1647,14.42077135
1648,27.1820659
1649,41.4652234
1650,54.87927372
1651,60.32528116
1652,55.22065469
1653,33.9450002
1654,32.35796193
1655,30.49564569
1656,25.45748078
1657,18.00257248
1658,18.74005917
1659,16.53250268
1660,15.64616806
1661,13.09000743
1662,12.75414798
1663,12.56743773
1664,26.23145305
1665,29.73223739
1666,30.17813769
1667,29.13787102
1668,26.56676514
1669,24.05278494
1670,14.13134265
1671,14.42077135
1672,27.1820659
1673,41.4652234
1674,54.87927372
1675,60.32528116
1676,55.22065469
1677,33.9450002
1678,32.35796193
1679,30.49564569
1680,25.45748078
1681,18.00257248
1682,18.74005917
1683,16.53250268
1684,15.64616806
1685,13.09000743
1686,12.75414798
1687,12.56743773
1688,26.23145305
1689,29.73223739
1690,30.17813769
1691,29.13787102
1692,26.56676514
1693,24.05278494
1694,14.13134265
1695,14.42077135
1696,27.1820659
1697,41.4652234
1698,54.87927372
1699,60.32528116
1700,55.22065469
1701,33.9450002
1702,32.35796193
1703,30.49564569
1704,25.45748078
1705,18.00257248
1706,18.74005917
1707,16.53250268
1708,15.64616806
1709,13.09000743
1710,12.75414798
1711,12.56743773
1712,26.23145305
1713,29.73223739
1714,30.17813769
1715,29.13787102
1716,26.56676514
1717,24.05278494
1718,14.13134265
1719,14.42077135
1720,27.1820659
1721,41.4652234
1722,54.87927372
1723,60.32528116
1724,55.22065469
1725,33.9450002
1726,32.35796193
1727,30.49564569
1728,25.45748078
1729,18.00257248
1730,18.74005917
1731,16.53250268
1732,15.64616806
1733,13.09000743
1734,12.75414798
1735,12.56743773
1736,26.23145305
1737,29.73223739
1738,30.17813769
1739,29.13787102
1740,26.56676514
1741,24.05278494
1742,14.13134265
1743,14.42077135
1744,27.1820659
1745,41.4652234
1746,54.87927372
1747,60.32528116
1748,55.22065469
1749,33.9450002
1750,32.35796193
1751,30.49564569
1752,25.45748078
1753,18.00257248
1754,18.74005917
1755,16.53250268
1756,15.64616806
1757,13.09000743
1758,12.75414798
1759,12.56743773
1760,26.23145305
1761,29.73223739
1762,30.17813769
1763,29.13787102
1764,26.56676514
1765,24.05278494
1766,14.13134265
1767,14.42077135
1768,27.1820659
1769,41.4652234
1770,54.87927372
1771,60.32528116
1772,55.22065469
1773,33.9450002
1774,32.35796193
1775,30.49564569
1776,25.45748078
1777,18.00257248
1778,18.74005917
1779,16.53250268
1780,15.64616806
1781,13.09000743
1782,12.75414798
1783,12.56743773
1784,26.23145305
1785,29.73223739
1786,30.17813769
1787,29.13787102
1788,26.56676514
1789,24.05278494
1790,14.13134265
1791,14.42077135
1792,27.1820659
1793,41.4652234
1794,54.87927372
1795,60.32528116
1796,55.22065469
1797,33.9450002
1798,32.35796193
1799,30.49564569
1800,25.45748078
1801,18.00257248
1802,18.74005917
1803,16.53250268
1804,15.64616806
1805,13.09000743
1806,12.75414798
1807,12.56743773
1808,26.23145305
1809,29.73223739
1810,30.17813769
1811,29.13787102
1812,26.56676514
1813,24.05278494
1814,14.13134265
1815,14.42077135
1816,27.1820659
1817,41.4652234
1818,54.87927372
1819,60.32528116
1820,55.22065469
1821,33.9450002
1822,32.35796193
1823,30.49564569
1824,25.45748078
1825,18.00257248
1826,18.74005917
1827,16.53250268
1828,15.64616806
1829,13.09000743
1830,12.75414798
1831,12.56743773
1832,26.23145305
1833,29.73223739
1834,30.17813769
1835,29.13787102
1836,26.56676514
1837,24.05278494
1838,14.13134265
1839,14.42077135
1840,27.1820659
1841,41.4652234
1842,54.87927372
1843,60.32528116
1844,55.22065469
1845,33.9450002
1846,32.35796193
1847,30.49564569
1848,25.45748078
1849,18.00257248
1850,18.74005917
1851,16.53250268
1852,15.64616806
1853,13.09000743
1854,12.75414798
1855,12.56743773
1856,26.23145305
1857,29.73223739
1858,30.17813769
1859,29.13787102
1860,26.56676514
1861,24.05278494
1862,14.13134265
1863,14.42077135
1864,27.1820659
1865,41.4652234
1866,54.87927372
1867,60.32528116
1868,55.22065469
1869,33.9450002
1870,32.35796193
1871,30.49564569
1872,25.45748078
1873,18.00257248
1874,18.74005917
1875,16.53250268
1876,15.64616806
1877,13.09000743
1878,12.75414798
1879,12.56743773
1880,26.23145305
1881,29.73223739
1882,30.17813769
1883,29.13787102
1884,26.56676514
1885,24.05278494
1886,14.13134265
1887,14.42077135
1888,27.1820659
1889,41.4652234
1890,54.87927372
1891,60.32528116
1892,55.22065469
1893,33.9450002
1894,32.35796193
1895,30.49564569
1896,25.45748078
1897,18.00257248
1898,18.74005917
1899,16.53250268
1900,15.64616806
1901,13.09000743
1902,12.75414798
1903,12.56743773
1904,26.23145305
1905,29.73223739
1906,30.17813769
1907,29.13787102
1908,26.56676514
1909,24.05278494
1910,14.13134265
1911,14.42077135
1912,27.1820659
1913,41.4652234
1914,54.87927372
1915,60.32528116
1916,55.22065469
1917,33.9450002
1918,32.35796193
1919,30.49564569
1920,25.45748078
1921,18.00257248
1922,18.74005917
1923,16.53250268
1924,15.64616806
1925,13.09000743
1926,12.75414798
1927,12.56743773
1928,26.23145305
1929,29.73223739
1930,30.17813769
1931,29.13787102
1932,26.56676514
1933,24.05278494
1934,14.13134265
1935,14.42077135
1936,27.1820659
1937,41.4652234
1938,54.87927372
1939,60.32528116
1940,55.22065469
1941,33.9450002
1942,32.35796193
1943,30.49564569
1944,25.45748078
1945,18.00257248
1946,18.74005917
1947,16.53250268
1948,15.64616806
1949,13.09000743
1950,12.75414798
1951,12.56743773
1952,26.23145305
1953,29.73223739
1954,30.17813769
1955,29.13787102
1956,26.56676514
1957,24.05278494
1958,14.13134265
1959,14.42077135
1960,27.1820659
1961,41.4652234
1962,54.87927372
1963,60.32528116
1964,55.22065469
1965,33.9450002
1966,32.35796193
1967,30.49564569
1968,25.45748078
1969,18.00257248
1970,18.74005917
1971,16.53250268
1972,15.64616806
1973,13.09000743
1974,12.75414798
1975,12.56743773
1976,26.23145305
1977,29.73223739
1978,30.17813769
1979,29.13787102
1980,26.56676514
1981,24.05278494
1982,14.13134265
1983,14.42077135
1984,27.1820659
1985,41.4652234
1986,54.87927372
1987,60.32528116
1988,55.22065469
1989,33.9450002
1990,32.35796193
1991,30.49564569
1992,25.45748078
1993,18.00257248
1994,18.74005917
1995,16.53250268
1996,15.64616806
1997,13.09000743
1998,12.75414798
1999,12.56743773
2000,26.23145305
2001,29.73223739
2002,30.17813769
2003,29.13787102
2004,26.56676514
2005,24.05278494
2006,14.13134265
2007,14.42077135
2008,27.1820659
2009,41.4652234
2010,54.87927372
2011,60.32528116
2012,55.22065469
2013,33.9450002
2014,32.35796193
2015,30.49564569
2016,25.45748078
2017,18.00257248
2018,18.74005917
2019,16.53250268
2020,15.64616806
2021,13.09000743
2022,12.75414798
2023,12.56743773
2024,26.23145305
2025,29.73223739
2026,30.17813769
2027,29.13787102
2028,26.56676514
2029,24.05278494
2030,14.13134265
2031,14.42077135
2032,27.1820659
2033,41.4652234
2034,54.87927372
2035,60.32528116
2036,55.22065469
2037,33.9450002
2038,32.35796193
2039,30.49564569
2040,25.45748078
2041,18.00257248
2042,18.74005917
2043,16.53250268
2044,15.64616806
2045,13.09000743
2046,12.75414798
2047,12.56743773
2048,26.23145305
2049,29.73223739
2050,30.17813769
2051,29.13787102
2052,26.56676514
2053,24.05278494
2054,14.13134265
2055,14.42077135
2056,27.1820659
2057,41.4652234
2058,54.87927372
2059,60.32528116
2060,55.22065469
2061,33.9450002
2062,32.35796193
2063,30.49564569
2064,25.45748078
2065,18.00257248
2066,18.74005917
2067,16.53250268
2068,15.64616806
2069,13.09000743
2070,12.75414798
2071,12.56743773
2072,26.23145305
2073,29.73223739
2074,30.17813769
2075,29.13787102
2076,26.56676514
2077,24.05278494
2078,14.13134265
2079,14.42077135
2080,27.1820659
2081,41.4652234
2082,54.87927372
2083,60.32528116
2084,55.22065469
2085,33.9450002
2086,32.35796193
2087,30.49564569
2088,25.45748078
2089,18.00257248
2090,18.74005917
2091,16.53250268
2092,15.64616806
2093,13.09000743
2094,12.75414798
2095,12.56743773
2096,26.23145305
2097,29.73223739
2098,30.17813769
2099,29.13787102
2100,26.56676514
2101,24.05278494
2102,14.13134265
2103,14.42077135
2104,27.1820659
2105,41.4652234
2106,54.87927372
2107,60.32528116
2108,55.22065469
2109,33.9450002
2110,32.35796193
2111,30.49564569
2112,25.45748078
2113,18.00257248
2114,18.74005917
2115,16.53250268
2116,15.64616806
2117,13.09000743
2118,12.75414798
2119,12.56743773
2120,26.23145305
2121,29.73223739
2122,30.17813769
2123,29.13787102
2124,26.56676514
2125,24.05278494
2126,14.13134265
2127,14.42077135
2128,27.1820659
2129,41.4652234
2130,54.87927372
2131,60.32528116
2132,55.22065469
2133,33.9450002
2134,32.35796193
2135,30.49564569
2136,25.45748078
2137,18.00257248
2138,18.74005917
2139,16.53250268
2140,15.64616806
2141,13.09000743
2142,12.75414798
2143,12.56743773
2144,26.23145305
2145,29.73223739
2146,30.17813769
2147,29.13787102
2148,26.56676514
2149,24.05278494
2150,14.13134265
2151,14.42077135
2152,27.1820659
2153,41.4652234
2154,54.87927372
2155,60.32528116
2156,55.22065469
2157,33.9450002
2158,32.35796193
2159,30.49564569
2160,25.45748078
2161,18.00257248
2162,18.74005917
2163,16.53250268
2164,15.64616806
2165,13.09000743
2166,12.75414798
2167,12.56743773
2168,26.23145305
2169,29.73223739
2170,30.17813769
2171,29.13787102
2172,26.56676514
2173,24.05278494
2174,14.13134265
2175,14.42077135
2176,27.1820659
2177,41.4652234
2178,54.87927372
2179,60.32528116
2180,55.22065469
2181,33.9450002
2182,32.35796193
2183,30.49564569
2184,25.45748078
2185,18.00257248
2186,18.74005917
2187,16.53250268
2188,15.64616806
2189,13.09000743
2190,12.75414798
2191,12.56743773
2192,26.23145305
2193,29.73223739
2194,30.17813769
2195,29.13787102
2196,26.56676514
2197,24.05278494
2198,14.13134265
2199,14.42077135
2200,27.1820659
2201,41.4652234
2202,54.87927372
2203,60.32528116
2204,55.22065469
2205,33.9450002
2206,32.35796193
2207,30.49564569
2208,25.45748078
2209,18.00257248
2210,18.74005917
2211,16.53250268
2212,15.64616806
2213,13.09000743
2214,12.75414798
2215,12.56743773
2216,26.23145305
2217,29.73223739
2218,30.17813769
2219,29.13787102
2220,26.56676514
2221,24.05278494
2222,14.13134265
2223,14.42077135
2224,27.1820659
2225,41.4652234
2226,54.87927372
2227,60.32528116
2228,55.22065469
2229,33.9450002
2230,32.35796193
2231,30.49564569
2232,25.45748078
2233,18.00257248
2234,18.74005917
2235,16.53250268
2236,15.64616806
2237,13.09000743
2238,12.75414798
2239,12.56743773
2240,26.23145305
2241,29.73223739
2242,30.17813769
2243,29.13787102
2244,26.56676514
2245,24.05278494
2246,14.13134265
2247,14.42077135
2248,27.1820659
2249,41.4652234
2250,54.87927372
2251,60.32528116
2252,55.22065469
2253,33.9450002
2254,32.35796193
2255,30.49564569
2256,25.45748078
2257,18.00257248
2258,18.74005917
2259,16.53250268
2260,15.64616806
2261,13.09000743
2262,12.75414798
2263,12.56743773
2264,26.23145305
2265,29.73223739
2266,30.17813769
2267,29.13787102
2268,26.56676514
2269,24.05278494
2270,14.13134265
2271,14.42077135
2272,27.1820659
2273,41.4652234
2274,54.87927372
2275,60.32528116
2276,55.22065469
2277,33.9450002
2278,32.35796193
2279,30.49564569
2280,25.45748078
2281,18.00257248
2282,18.74005917
2283,16.53250268
2284,15.64616806
2285,13.09000743
2286,12.75414798
2287,12.56743773
2288,26.23145305
2289,29.73223739
2290,30.17813769
2291,29.13787102
2292,26.56676514
2293,24.05278494
2294,14.13134265
2295,14.42077135
2296,27.1820659
2297,41.4652234
2298,54.87927372
2299,60.32528116
2300,55.22065469
2301,33.9450002
2302,32.35796193
2303,30.49564569
2304,25.45748078
2305,18.00257248
2306,18.74005917
2307,16.53250268
2308,15.64616806
2309,13.09000743
2310,12.75414798
2311,12.56743773
2312,26.23145305
2313,29.73223739
2314,30.17813769
2315,29.13787102
2316,26.56676514
2317,24.05278494
2318,14.13134265
2319,14.42077135
2320,27.1820659
2321,41.4652234
2322,54.87927372
2323,60.32528116
2324,55.22065469
2325,33.9450002
2326,32.35796193
2327,30.49564569
2328,25.45748078
2329,18.00257248
2330,18.74005917
2331,16.53250268
2332,15.64616806
2333,13.09000743
2334,12.75414798
2335,12.56743773
2336,26.23145305
2337,29.73223739
2338,30.17813769
2339,29.13787102
2340,26.56676514
2341,24.05278494
2342,14.13134265
2343,14.42077135
2344,27.1820659
2345,41.4652234
2346,54.87927372
2347,60.32528116
2348,55.22065469
2349,33.9450002
2350,32.35796193
2351,30.49564569
2352,25.45748078
2353,18.00257248
2354,18.74005917
2355,16.53250268
2356,15.64616806
2357,13.09000743
2358,12.75414798
2359,12.56743773
2360,26.23145305
2361,29.73223739
2362,30.17813769
2363,29.13787102
2364,26.56676514
2365,24.05278494
2366,14.13134265
2367,14.42077135
2368,27.1820659
2369,41.4652234
2370,54.87927372
2371,60.32528116
2372,55.22065469
2373,33.9450002
2374,32.35796193
2375,30.49564569
2376,25.45748078
2377,18.00257248
2378,18.74005917
2379,16.53250268
2380,15.64616806
2381,13.09000743
2382,12.75414798
2383,12.56743773
2384,26.23145305
2385,29.73223739
2386,30.17813769
2387,29.13787102
2388,26.56676514
2389,24.05278494
2390,14.13134265
2391,14.42077135
2392,27.1820659
2393,41.4652234
2394,54.87927372
2395,60.32528116
2396,55.22065469
2397,33.9450002
2398,32.35796193
2399,30.49564569
2400,25.45748078
2401,18.00257248
2402,18.74005917
2403,16.53250268
2404,15.64616806
2405,13.09000743
2406,12.75414798
2407,12.56743773
2408,26.23145305
2409,29.73223739
2410,30.17813769
2411,29.13787102
2412,26.56676514
2413,24.05278494
2414,14.13134265
2415,14.42077135
2416,27.1820659
2417,41.4652234
2418,54.87927372
2419,60.32528116
2420,55.22065469
2421,33.9450002
2422,32.35796193
2423,30.49564569
2424,25.45748078
2425,18.00257248
2426,18.74005917
2427,16.53250268
2428,15.64616806
2429,13.09000743
2430,12.75414798
2431,12.56743773
2432,26.23145305
2433,29.73223739
2434,30.17813769
2435,29.13787102
2436,26.56676514
2437,24.05278494
2438,14.13134265
2439,14.42077135
2440,27.1820659
2441,41.4652234
2442,54.87927372
2443,60.32528116
2444,55.22065469
2445,33.9450002
2446,32.35796193
2447,30.49564569
2448,25.45748078
2449,18.00257248
2450,18.74005917
2451,16.53250268
2452,15.64616806
2453,13.09000743
2454,12.75414798
2455,12.56743773
2456,26.23145305
2457,29.73223739
2458,30.17813769
2459,29.13787102
2460,26.56676514
2461,24.05278494
2462,14.13134265
2463,14.42077135
2464,27.1820659
2465,41.4652234
2466,54.87927372
2467,60.32528116
2468,55.22065469
2469,33.9450002
2470,32.35796193
2471,30.49564569
2472,25.45748078
2473,18.00257248
2474,18.74005917
2475,16.53250268
2476,15.64616806
2477,13.09000743
2478,12.75414798
2479,12.56743773
2480,26.23145305
2481,29.73223739
2482,30.17813769
2483,29.13787102
2484,26.56676514
2485,24.05278494
2486,14.13134265
2487,14.42077135
2488,27.1820659
2489,41.4652234
2490,54.87927372
2491,60.32528116
2492,55.22065469
2493,33.9450002
2494,32.35796193
2495,30.49564569
2496,25.45748078
2497,18.00257248
2498,18.74005917
2499,16.53250268
2500,15.64616806
2501,13.09000743
2502,12.75414798
2503,12.56743773
2504,26.23145305
2505,29.73223739
2506,30.17813769
2507,29.13787102
2508,26.56676514
2509,24.05278494
2510,14.13134265
2511,14.42077135
2512,27.1820659
2513,41.4652234
2514,54.87927372
2515,60.32528116
2516,55.22065469
2517,33.9450002
2518,32.35796193
2519,30.49564569
2520,25.45748078
2521,18.00257248
2522,18.74005917
2523,16.53250268
2524,15.64616806
2525,13.09000743
2526,12.75414798
2527,12.56743773
2528,26.23145305
2529,29.73223739
2530,30.17813769
2531,29.13787102
2532,26.56676514
2533,24.05278494
2534,14.13134265
2535,14.42077135
2536,27.1820659
2537,41.4652234
2538,54.87927372
2539,60.32528116
2540,55.22065469
2541,33.9450002
2542,32.35796193
2543,30.49564569
2544,25.45748078
2545,18.00257248
2546,18.74005917
2547,16.53250268
2548,15.64616806
2549,13.09000743
2550,12.75414798
2551,12.56743773
2552,26.23145305
2553,29.73223739
2554,30.17813769
2555,29.13787102
2556,26.56676514
2557,24.05278494
2558,14.13134265
2559,14.42077135
2560,27.1820659
2561,41.4652234
2562,54.87927372
2563,60.32528116
2564,55.22065469
2565,33.9450002
2566,32.35796193
2567,30.49564569
2568,25.45748078
2569,18.00257248
2570,18.74005917
2571,16.53250268
2572,15.64616806
2573,13.09000743
2574,12.75414798
2575,12.56743773
2576,26.23145305
2577,29.73223739
2578,30.17813769
2579,29.13787102
2580,26.56676514
2581,24.05278494
2582,14.13134265
2583,14.42077135
2584,27.1820659
2585,41.4652234
2586,54.87927372
2587,60.32528116
2588,55.22065469
2589,33.9450002
2590,32.35796193
2591,30.49564569
2592,25.45748078
2593,18.00257248
2594,18.74005917
2595,16.53250268
2596,15.64616806
2597,13.09000743
2598,12.75414798
2599,12.56743773
2600,26.23145305
2601,29.73223739
2602,30.17813769
2603,29.13787102
2604,26.56676514
2605,24.05278494
2606,14.13134265
2607,14.42077135
2608,27.1820659
2609,41.4652234
2610,54.87927372
2611,60.32528116
2612,55.22065469
2613,33.9450002
2614,32.35796193
2615,30.49564569
2616,25.45748078
2617,18.00257248
2618,18.74005917
2619,16.53250268
2620,15.64616806
2621,13.09000743
2622,12.75414798
2623,12.56743773
2624,26.23145305
2625,29.73223739
2626,30.17813769
2627,29.13787102
2628,26.56676514
2629,24.05278494
2630,14.13134265
2631,14.42077135
2632,27.1820659
2633,41.4652234
2634,54.87927372
2635,60.32528116
2636,55.22065469
2637,33.9450002
2638,32.35796193
2639,30.49564569
2640,25.45748078
2641,18.00257248
2642,18.74005917
2643,16.53250268
2644,15.64616806
2645,13.09000743
2646,12.75414798
2647,12.56743773
2648,26.23145305
2649,29.73223739
2650,30.17813769
2651,29.13787102
2652,26.56676514
2653,24.05278494
2654,14.13134265
2655,14.42077135
2656,27.1820659
2657,41.4652234
2658,54.87927372
2659,60.32528116
2660,55.22065469
2661,33.9450002
2662,32.35796193
2663,30.49564569
2664,25.45748078
2665,18.00257248
2666,18.74005917
2667,16.53250268
2668,15.64616806
2669,13.09000743
2670,12.75414798
2671,12.56743773
2672,26.23145305
2673,29.73223739
2674,30.17813769
2675,29.13787102
2676,26.56676514
2677,24.05278494
2678,14.13134265
2679,14.42077135
2680,27.1820659
2681,41.4652234
2682,54.87927372
2683,60.32528116
2684,55.22065469
2685,33.9450002
2686,32.35796193
2687,30.49564569
2688,25.45748078
2689,18.00257248
2690,18.74005917
2691,16.53250268
2692,15.64616806
2693,13.09000743
2694,12.75414798
2695,12.56743773
2696,26.23145305
2697,29.73223739
2698,30.17813769
2699,29.13787102
2700,26.56676514
2701,24.05278494
2702,14.13134265
2703,14.42077135
2704,27.1820659
2705,41.4652234
2706,54.87927372
2707,60.32528116
2708,55.22065469
2709,33.9450002
2710,32.35796193
2711,30.49564569
2712,25.45748078
2713,18.00257248
2714,18.74005917
2715,16.53250268
2716,15.64616806
2717,13.09000743
2718,12.75414798
2719,12.56743773
2720,26.23145305
2721,29.73223739
2722,30.17813769
2723,29.13787102
2724,26.56676514
2725,24.05278494
2726,14.13134265
2727,14.42077135
2728,27.1820659
2729,41.4652234
2730,54.87927372
2731,60.32528116
2732,55.22065469
2733,33.9450002
2734,32.35796193
2735,30.49564569
2736,25.45748078
2737,18.00257248
2738,18.74005917
2739,16.53250268
2740,15.64616806
2741,13.09000743
2742,12.75414798
2743,12.56743773
2744,26.23145305
2745,29.73223739
2746,30.17813769
2747,29.13787102
2748,26.56676514
2749,24.05278494
2750,14.13134265
2751,14.42077135
2752,27.1820659
2753,41.4652234
2754,54.87927372
2755,60.32528116
2756,55.22065469
2757,33.9450002
2758,32.35796193
2759,30.49564569
2760,25.45748078
2761,18.00257248
2762,18.74005917
2763,16.53250268
2764,15.64616806
2765,13.09000743
2766,12.75414798
2767,12.56743773
2768,26.23145305
2769,29.73223739
2770,30.17813769
2771,29.13787102
2772,26.56676514
2773,24.05278494
2774,14.13134265
2775,14.42077135
2776,27.1820659
2777,41.4652234
2778,54.87927372
2779,60.32528116
2780,55.22065469
2781,33.9450002
2782,32.35796193
2783,30.49564569
2784,25.45748078
2785,18.00257248
2786,18.74005917
2787,16.53250268
2788,15.64616806
2789,13.09000743
2790,12.75414798
2791,12.56743773
2792,26.23145305
2793,29.73223739
2794,30.17813769
2795,29.13787102
2796,26.56676514
2797,24.05278494
2798,14.13134265
2799,14.42077135
2800,27.1820659
2801,41.4652234
2802,54.87927372
2803,60.32528116
2804,55.22065469
2805,33.9450002
2806,32.35796193
2807,30.49564569
2808,25.45748078
2809,18.00257248
2810,18.74005917
2811,16.53250268
2812,15.64616806
2813,13.09000743
2814,12.75414798
2815,12.56743773
2816,26.23145305
2817,29.73223739
2818,30.17813769
2819,29.13787102
2820,26.56676514
2821,24.05278494
2822,14.13134265
2823,14.42077135
2824,27.1820659
2825,41.4652234
2826,54.87927372
2827,60.32528116
2828,55.22065469
2829,33.9450002
2830,32.35796193
2831,30.49564569
2832,25.45748078
2833,18.00257248
2834,18.74005917
2835,16.53250268
2836,15.64616806
2837,13.09000743
2838,12.75414798
2839,12.56743773
2840,26.23145305
2841,29.73223739
2842,30.17813769
2843,29.13787102
2844,26.56676514
2845,24.05278494
2846,14.13134265
2847,14.42077135
2848,27.1820659
2849,41.4652234
2850,54.87927372
2851,60.32528116
2852,55.22065469
2853,33.9450002
2854,32.35796193
2855,30.49564569
2856,25.45748078
2857,18.00257248
2858,18.74005917
2859,16.53250268
2860,15.64616806
2861,13.09000743
2862,12.75414798
2863,12.56743773
2864,26.23145305
2865,29.73223739
2866,30.17813769
2867,29.13787102
2868,26.56676514
2869,24.05278494
2870,14.13134265
2871,14.42077135
2872,27.1820659
2873,41.4652234
2874,54.87927372
2875,60.32528116
2876,55.22065469
2877,33.9450002
2878,32.35796193
2879,30.49564569
2880,25.45748078
