h,1
1,0.01
2,0.006
3,0.005
4,0.005
5,0.008
6,0.015
7,0.112
8,0.296
9,0.468
10,0.451
11,0.302
12,0.166
13,0.08
14,0.047
15,0.038
16,0.04
17,0.088
18,0.164
19,0.206
20,0.17
21,0.092
22,0.031
23,0.011
24,0.011
25,0.019
26,0.025
27,0.022
28,0.016
29,0.013
30,0.116
31,0.409
32,0.632
33,0.807
34,0.868
35,0.843
36,0.853
37,0.928
38,1.02
39,1.075
40,0.838
41,1.231
42,1.913
43,2.351
44,2.285
45,2.123
46,1.972
47,1.571
48,1.261
49,1.068
50,0.939
51,0.835
52,0.696
53,0.575
54,2.084
55,3.19
56,2.602
57,2.094
58,1.665
59,1.309
60,0.99
61,0.762
62,0.658
63,0.589
64,0.437
65,0.742
66,1.279
67,1.613
68,1.693
69,1.639
70,1.564
71,1.484
72,1.48
73,1.417
74,1.258
75,1.07
76,0.869
77,0.728
78,1.824
79,1.947
80,1.352
81,0.928
82,0.573
83,0.308
84,0.16
85,0.092
86,0.056
87,0.111
88,0.12
89,0.309
90,0.501
91,0.598
92,0.691
93,0.934
94,1.266
95,1.679
96,1.937
97,1.666
98,1.776
99,1.997
100,1.917
101,1.982
102,2.889
103,3.714
104,2.48
105,1.26
106,0.596
107,0.264
108,0.114
109,0.067
110,0.063
111,0.073
112,0.058
113,0.174
114,0.579
115,1.389
116,2.393
117,3.049
118,3.252
119,3.088
120,2.651
121,2.196
122,1.887
123,1.546
124,1.259
125,1.012
126,0.827
127,1.771
128,1.356
129,0.878
130,0.49
131,0.252
132,0.123
133,0.085
134,0.13
135,0.194
136,0.145
137,0.204
138,0.295
139,0.415
140,0.832
141,1.482
142,2.065
143,2.236
144,2.017
145,1.545
146,1.133
147,0.867
148,0.766
149,0.638
150,0.596
151,1.004
152,0.984
153,0.771
154,0.486
155,0.249
156,0.097
157,0.033
158,0.035
159,0.046
160,0.046
161,0.068
162,0.063
163,0.04
164,0.03
165,0.102
166,0.189
167,0.311
168,0.383
169,0.486
170,0.545
171,0.348
172,0.136
173,0.063
174,0.18
175,0.501
176,0.746
177,0.846
178,0.764
179,0.579
180,0.379
181,0.244
182,0.217
183,0.259
184,0.26
185,0.305
186,0.312
187,0.252
188,0.157
189,0.079
190,0.043
191,0.031
192,0.032
193,0.038
194,0.046
195,0.051
196,0.046
197,0.046
198,0.224
199,0.841
200,1.314
201,1.674
202,1.746
203,1.627
204,1.395
205,1.051
206,0.726
207,0.426
208,0.166
209,0.094
210,0.091
211,0.129
212,0.186
213,0.218
214,0.245
215,0.311
216,0.458
217,0.599
218,0.677
219,0.725
220,0.692
221,0.722
222,1.396
223,1.93
224,1.709
225,1.456
226,1.229
227,1.06
228,0.962
229,0.913
230,0.948
231,1.045
232,0.872
233,1.372
234,2.037
235,2.253
236,2.116
237,1.917
238,1.807
239,1.602
240,1.317
241,0.981
242,0.78
243,0.67
244,0.544
245,0.429
246,0.316
247,0.111
248,0.085
249,0.088
250,0.089
251,0.089
252,0.101
253,0.133
254,0.235
255,0.458
256,0.689
257,1.404
258,2.13
259,2.995
260,3.47
261,3.341
262,2.855
263,2.061
264,1.505
265,1.082
266,0.83
267,0.625
268,0.445
269,0.297
270,0.611
271,0.946
272,0.97
273,0.969
274,0.85
275,0.715
276,0.691
277,0.765
278,0.976
279,1.232
280,1.251
281,2.23
282,3.349
283,3.826
284,3.823
285,3.616
286,3.176
287,2.664
288,2.282
289,1.881
290,1.459
291,1.175
292,0.99
293,0.878
294,1.72
295,2.065
296,1.77
297,1.379
298,1.019
299,0.722
300,0.548
301,0.508
302,0.588
303,0.731
304,0.697
305,1.359
306,2.252
307,2.645
308,2.78
309,2.54
310,2.183
311,2.008
312,1.771
313,1.486
314,1.33
315,1.193
316,1.082
317,0.963
318,2.08
319,3.076
320,2.363
321,1.789
322,1.436
323,1.253
324,1.231
325,1.414
326,1.822
327,2.43
328,2.69
329,3.677
330,4.126
331,3.895
332,3.576
333,3.145
334,2.638
335,2.371
336,2.23
337,2.089
338,1.926
339,1.768
340,1.558
341,1.407
342,3.239
343,5.048
344,4.371
345,3.576
346,2.958
347,2.487
348,2.193
349,2.025
350,2.084
351,2.301
352,2.094
353,2.982
354,3.857
355,4.067
356,3.577
357,2.469
358,1.706
359,1.372
360,1.182
361,1.088
362,0.997
363,0.841
364,0.67
365,0.487
366,0.53
367,0.798
368,0.666
369,0.535
370,0.443
371,0.413
372,0.45
373,0.532
374,0.655
375,0.776
376,0.775
377,1.321
378,1.745
379,1.531
380,1.069
381,0.711
382,0.485
383,0.366
384,0.332
385,0.321
386,0.323
387,0.298
388,0.193
389,0.098
390,0.053
391,0.052
392,0.112
393,0.166
394,0.183
395,0.199
396,0.256
397,0.352
398,0.498
399,0.682
400,0.666
401,1.153
402,1.601
403,1.983
404,2.008
405,1.682
406,1.201
407,0.795
408,0.476
409,0.319
410,0.233
411,0.18
412,0.164
413,0.195
414,0.477
415,0.918
416,1.075
417,0.961
418,0.683
419,0.407
420,0.217
421,0.115
422,0.079
423,0.072
424,0.037
425,0.082
426,0.251
427,0.575
428,0.843
429,0.821
430,0.699
431,0.524
432,0.299
433,0.176
434,0.138
435,0.136
436,0.137
437,0.162
438,0.14
439,0.032
440,0.024
441,0.042
442,0.04
443,0.014
444,0.003
445,0.001
446,0
447,0
448,0.002
449,0.045
450,0.196
451,0.335
452,0.329
453,0.289
454,0.275
455,0.249
456,0.181
457,0.151
458,0.143
459,0.137
460,0.136
461,0.148
462,0.29
463,0.665
464,0.997
465,1.086
466,0.922
467,0.68
468,0.49
469,0.335
470,0.217
471,0.145
472,0.074
473,0.141
474,0.279
475,0.322
476,0.233
477,0.079
478,0.025
479,0.031
480,0.054
481,0.093
482,0.154
483,0.22
484,0.272
485,0.315
486,0.274
487,0.251
488,0.276
489,0.339
490,0.377
491,0.352
492,0.29
493,0.227
494,0.161
495,0.077
496,0.02
497,0.034
498,0.124
499,0.164
500,0.097
501,0.027
502,0.006
503,0.002
504,0.002
505,0.003
506,0.004
507,0.006
508,0.011
509,0.029
510,0.189
511,0.505
512,0.744
513,0.928
514,0.973
515,0.945
516,0.931
517,0.98
518,1.134
519,1.337
520,1.304
521,2.033
522,2.83
523,2.944
524,2.591
525,2.198
526,1.635
527,1.273
528,1.113
529,1.017
530,1.003
531,1.015
532,0.985
533,0.969
534,2.285
535,2.72
536,2.503
537,2.398
538,2.204
539,2.009
540,1.916
541,1.922
542,2.136
543,2.448
544,2.642
545,3.898
546,4.756
547,4.47
548,4.341
549,3.978
550,3.367
551,2.53
552,2.169
553,2.083
554,2.036
555,1.987
556,1.843
557,1.674
558,3.576
559,3.626
560,2.988
561,2.794
562,2.614
563,2.351
564,2.198
565,2.168
566,2.38
567,2.966
568,3.377
569,4.826
570,4.98
571,4.013
572,3.2
573,2.624
574,2.126
575,1.789
576,1.51
577,1.236
578,1.004
579,0.787
580,0.654
581,0.725
582,1.671
583,1.732
584,1.379
585,1.177
586,1.021
587,0.881
588,0.706
589,0.531
590,0.383
591,0.297
592,0.249
593,0.641
594,1.079
595,1.2
596,1.113
597,0.961
598,0.776
599,0.621
600,0.55
601,0.505
602,0.459
603,0.45
604,0.464
605,0.46
606,0.594
607,0.526
608,0.217
609,0.043
610,0.005
611,0.001
612,0
613,0.001
614,0.002
615,0.008
616,0.034
617,0.23
618,0.494
619,0.59
620,0.668
621,0.847
622,0.952
623,0.949
624,0.908
625,0.822
626,0.666
627,0.511
628,0.374
629,0.259
630,0.19
631,0.134
632,0.108
633,0.106
634,0.087
635,0.067
636,0.05
637,0.045
638,0.046
639,0.076
640,0.11
641,0.281
642,0.618
643,1.126
644,1.646
645,2.096
646,1.73
647,1.33
648,1.15
649,1.011
650,0.862
651,0.726
652,0.578
653,0.504
654,1.33
655,1.228
656,1.02
657,0.827
658,0.729
659,0.753
660,0.751
661,0.715
662,0.699
663,0.715
664,0.722
665,1.328
666,1.859
667,1.584
668,0.987
669,0.648
670,0.469
671,0.411
672,0.399
673,0.406
674,0.424
675,0.419
676,0.381
677,0.402
678,1.997
679,3.508
680,3.4
681,3.267
682,3.251
683,3.252
684,3.316
685,3.433
686,3.722
687,4.196
688,4.064
689,4.567
690,4.911
691,4.319
692,3.617
693,2.913
694,2.366
695,2.004
696,1.74
697,1.475
698,1.309
699,1.213
700,1.162
701,1.101
702,3.158
703,5.321
704,5.738
705,5.61
706,5.158
707,4.491
708,3.814
709,3.325
710,3.201
711,3.493
712,3.697
713,4.429
714,5.131
715,4.869
716,4.584
717,4.599
718,4.347
719,3.786
720,3.07
721,2.329
722,1.834
723,1.531
724,1.253
725,1.064
726,3.104
727,4.518
728,3.832
729,2.83
730,2.118
731,1.671
732,1.384
733,1.301
734,1.367
735,1.551
736,1.48
737,2.009
738,2.194
739,2.049
740,1.818
741,1.601
742,1.583
743,1.677
744,1.701
745,1.675
746,1.611
747,1.523
748,1.26
749,1.05
750,1.44
751,0.897
752,0.444
753,0.147
754,0.054
755,0.011
756,0.006
757,0.006
758,0.015
759,0.171
760,0.412
761,0.965
762,1.07
763,0.714
764,0.379
765,0.226
766,0.155
767,0.13
768,0.123
769,0.108
770,0.091
771,0.077
772,0.051
773,0.056
774,0.221
775,0.45
776,0.617
777,0.606
778,0.475
779,0.318
780,0.194
781,0.135
782,0.128
783,0.163
784,0.175
785,0.344
786,0.742
787,1.115
788,1.151
789,1.007
790,0.704
791,0.422
792,0.236
793,0.104
794,0.031
795,0.006
796,0.001
797,0
798,0.008
799,0.11
800,0.383
801,0.558
802,0.56
803,0.561
804,0.587
805,0.696
806,0.984
807,1.464
808,1.6
809,2.444
810,3.406
811,3.823
812,3.745
813,3.024
814,2.107
815,1.256
816,0.796
817,0.532
818,0.451
819,0.491
820,0.473
821,0.498
822,1.64
823,2.948
824,3.201
825,2.974
826,2.638
827,2.346
828,2.091
829,1.991
830,1.988
831,2.05
832,1.917
833,2.132
834,2.334
835,2.1
836,1.6
837,1.099
838,0.429
839,0.072
840,0.018
841,0.051
842,0.228
843,0.419
844,0.541
845,0.667
846,0.391
847,0.009
848,0
849,0.017
850,0.229
851,0.299
852,0.243
853,0.372
854,0.679
855,0.857
856,0.779
857,0.845
858,0.827
859,0.578
860,0.328
861,0.163
862,0.089
863,0.086
864,0.141
865,0.251
866,0.356
867,0.427
868,0.451
869,0.54
870,0.395
871,0.035
872,0
873,0
874,0.001
875,0.005
876,0.026
877,0.136
878,0.381
879,0.531
880,0.34
881,0.108
882,0.008
883,0
884,0.001
885,0.032
886,0.152
887,0.317
888,0.544
889,0.604
890,0.5
891,0.348
892,0.213
893,0.212
894,0.112
895,0.039
896,0.194
897,0.384
898,0.443
899,0.362
900,0.312
901,0.288
902,0.27
903,0.133
904,0.01
905,0.002
906,0.001
907,0.006
908,0.011
909,0.004
910,0.001
911,0.001
912,0.006
913,0.05
914,0.167
915,0.357
916,0.465
917,0.486
918,0.219
919,0.007
920,0.006
921,0.052
922,0.074
923,0.084
924,0.087
925,0.081
926,0.07
927,0.051
928,0.027
929,0.073
930,0.108
931,0.103
932,0.062
933,0.031
934,0.025
935,0.028
936,0.035
937,0.045
938,0.057
939,0.054
940,0.029
941,0.008
942,0.017
943,0.352
944,0.821
945,0.751
946,0.451
947,0.262
948,0.196
949,0.182
950,0.183
951,0.18
952,0.128
953,0.313
954,0.593
955,0.835
956,0.926
957,0.766
958,0.424
959,0.156
960,0.046
961,0.006
962,0.001
963,0
964,0
965,0
966,0.014
967,0.266
968,0.65
969,0.804
970,0.614
971,0.397
972,0.274
973,0.188
974,0.133
975,0.143
976,0.343
977,0.932
978,1.253
979,1.123
980,0.78
981,0.474
982,0.208
983,0.091
984,0.067
985,0.081
986,0.127
987,0.212
988,0.257
989,0.279
990,0.357
991,0.275
992,0.372
993,0.679
994,0.87
995,0.894
996,0.848
997,0.765
998,0.685
999,0.553
1000,0.304
1001,0.358
1002,0.372
1003,0.36
1004,0.413
1005,0.64
1006,0.774
1007,0.586
1008,0.316
1009,0.106
1010,0.025
1011,0.012
1012,0.013
1013,0.024
1014,0
1015,0.003
1016,0.14
1017,0.241
1018,0.206
1019,0.164
1020,0.161
1021,0.185
1022,0.213
1023,0.229
1024,0.322
1025,0.841
1026,1.152
1027,1.021
1028,0.644
1029,0.327
1030,0.2
1031,0.224
1032,0.289
1033,0.352
1034,0.359
1035,0.352
1036,0.334
1037,0.324
1038,0.386
1039,0.307
1040,0.406
1041,0.679
1042,0.695
1043,0.563
1044,0.421
1045,0.318
1046,0.248
1047,0.178
1048,0.136
1049,0.376
1050,0.668
1051,0.887
1052,0.924
1053,0.666
1054,0.346
1055,0.121
1056,0.026
1057,0.007
1058,0.005
1059,0.005
1060,0.006
1061,0.007
1062,0.003
1063,0.271
1064,1.003
1065,1.177
1066,0.827
1067,0.48
1068,0.296
1069,0.183
1070,0.115
1071,0.061
1072,0.024
1073,0.067
1074,0.176
1075,0.477
1076,0.968
1077,1.202
1078,0.987
1079,0.606
1080,0.302
1081,0.11
1082,0.046
1083,0.03
1084,0.022
1085,0.022
1086,0.277
1087,1.035
1088,1.594
1089,1.881
1090,1.721
1091,1.531
1092,1.44
1093,1.389
1094,1.402
1095,1.44
1096,1.195
1097,1.816
1098,2.441
1099,2.499
1100,1.849
1101,1.171
1102,0.735
1103,0.429
1104,0.254
1105,0.148
1106,0.106
1107,0.108
1108,0.198
1109,0.485
1110,1.467
1111,2.367
1112,2.034
1113,1.582
1114,1.146
1115,0.877
1116,0.725
1117,0.584
1118,0.451
1119,0.357
1120,0.27
1121,0.545
1122,0.901
1123,0.928
1124,0.723
1125,0.414
1126,0.126
1127,0.016
1128,0.003
1129,0.004
1130,0.01
1131,0.014
1132,0.017
1133,0.032
1134,0.222
1135,0.618
1136,0.557
1137,0.362
1138,0.205
1139,0.148
1140,0.128
1141,0.115
1142,0.108
1143,0.09
1144,0.049
1145,0.272
1146,0.7
1147,0.817
1148,0.477
1149,0.447
1150,0.338
1151,0.285
1152,0.293
1153,0.294
1154,0.255
1155,0.226
1156,0.292
1157,0.45
1158,1.228
1159,1.081
1160,0.557
1161,0.251
1162,0.075
1163,0.015
1164,0.004
1165,0.003
1166,0.024
1167,0.17
1168,0.504
1169,1.058
1170,1.296
1171,1.246
1172,1.205
1173,1.123
1174,0.982
1175,0.811
1176,0.598
1177,0.364
1178,0.184
1179,0.079
1180,0.024
1181,0.009
1182,0.046
1183,0.413
1184,0.682
1185,0.847
1186,0.901
1187,0.841
1188,0.764
1189,0.764
1190,0.938
1191,1.219
1192,1.317
1193,1.47
1194,1.511
1195,1.391
1196,1.288
1197,1.178
1198,1.016
1199,0.824
1200,0.631
1201,0.394
1202,0.164
1203,0.021
1204,0.002
1205,0.003
1206,0.018
1207,0.054
1208,0.095
1209,0.095
1210,0.116
1211,0.139
1212,0.179
1213,0.208
1214,0.275
1215,0.476
1216,0.554
1217,0.641
1218,0.718
1219,0.632
1220,0.529
1221,0.492
1222,0.512
1223,0.621
1224,0.713
1225,0.718
1226,0.68
1227,0.616
1228,0.486
1229,0.508
1230,0.769
1231,0.932
1232,0.788
1233,0.546
1234,0.3
1235,0.134
1236,0.056
1237,0.046
1238,0.07
1239,0.187
1240,0.37
1241,0.631
1242,0.777
1243,0.7
1244,0.556
1245,0.485
1246,0.442
1247,0.444
1248,0.531
1249,0.636
1250,0.692
1251,0.676
1252,0.488
1253,0.405
1254,1.665
1255,1.905
1256,1.815
1257,1.853
1258,1.846
1259,1.887
1260,2.039
1261,2.231
1262,2.43
1263,2.713
1264,2.915
1265,4.191
1266,4.883
1267,4.453
1268,3.883
1269,3.282
1270,2.698
1271,2.19
1272,1.789
1273,1.547
1274,1.356
1275,1.164
1276,0.948
1277,0.777
1278,1.861
1279,2.637
1280,2.307
1281,1.897
1282,1.469
1283,1.211
1284,1.122
1285,1.124
1286,1.226
1287,1.41
1288,1.427
1289,2.019
1290,2.721
1291,3.05
1292,2.627
1293,2.171
1294,1.615
1295,1.291
1296,1.123
1297,1.059
1298,1.033
1299,0.962
1300,0.797
1301,0.656
1302,0.87
1303,0.844
1304,0.742
1305,0.627
1306,0.549
1307,0.506
1308,0.451
1309,0.47
1310,0.603
1311,0.874
1312,1.178
1313,2.144
1314,3.083
1315,3.022
1316,2.377
1317,1.828
1318,1.325
1319,0.927
1320,0.629
1321,0.458
1322,0.405
1323,0.432
1324,0.431
1325,0.421
1326,0.686
1327,1.1
1328,1.327
1329,1.44
1330,1.305
1331,1.077
1332,0.95
1333,0.932
1334,1.048
1335,1.131
1336,1.112
1337,1.182
1338,1.13
1339,0.773
1340,0.451
1341,0.279
1342,0.388
1343,0.99
1344,1.523
1345,1.714
1346,1.639
1347,1.309
1348,0.928
1349,0.981
1350,2.905
1351,3.883
1352,3.97
1353,4.163
1354,4.223
1355,4.195
1356,4.127
1357,4.146
1358,4.367
1359,4.779
1360,4.539
1361,4.37
1362,4.073
1363,3.815
1364,3.646
1365,3.619
1366,3.371
1367,2.849
1368,2.487
1369,2.115
1370,1.709
1371,1.299
1372,1.019
1373,1.175
1374,4.058
1375,4.663
1376,3.759
1377,2.889
1378,2.307
1379,2.016
1380,1.919
1381,1.938
1382,2.065
1383,2.307
1384,2.231
1385,2.329
1386,2.386
1387,2.106
1388,1.743
1389,1.584
1390,1.49
1391,1.451
1392,1.393
1393,1.414
1394,1.347
1395,1.308
1396,1.624
1397,1.924
1398,5.416
1399,5.957
1400,4.717
1401,3.377
1402,2.368
1403,1.731
1404,1.33
1405,1.067
1406,0.912
1407,0.873
1408,0.768
1409,1.114
1410,1.478
1411,1.559
1412,1.536
1413,1.587
1414,1.691
1415,1.674
1416,1.44
1417,1.056
1418,0.849
1419,0.763
1420,0.701
1421,0.833
1422,2.632
1423,3.231
1424,2.66
1425,2.04
1426,1.446
1427,0.991
1428,0.73
1429,0.65
1430,0.672
1431,0.835
1432,1.048
1433,1.546
1434,2.028
1435,2.124
1436,2.067
1437,2.076
1438,1.965
1439,1.805
1440,1.531
1441,1.267
1442,1.005
1443,0.875
1444,0.881
1445,1.103
1446,2.637
1447,2.494
1448,1.917
1449,1.445
1450,1.143
1451,1.009
1452,1.023
1453,1.212
1454,1.579
1455,2.198
1456,2.332
1457,2.741
1458,3.226
1459,2.885
1460,2.542
1461,2.321
1462,2.109
1463,2.009
1464,1.931
1465,1.828
1466,1.788
1467,1.744
1468,1.674
1469,1.822
1470,4.344
1471,4.76
1472,3.975
1473,3.064
1474,2.361
1475,1.917
1476,1.704
1477,1.674
1478,1.812
1479,2.086
1480,2.061
1481,3.146
1482,4.073
1483,3.865
1484,3.119
1485,2.699
1486,2.487
1487,2.302
1488,2.098
1489,1.919
1490,1.796
1491,1.679
1492,1.62
1493,1.608
1494,4.133
1495,3.137
1496,1.601
1497,0.734
1498,0.302
1499,0.131
1500,0.094
1501,0.104
1502,0.175
1503,0.378
1504,0.503
1505,0.881
1506,1.232
1507,1.149
1508,0.848
1509,0.679
1510,0.611
1511,0.699
1512,0.9
1513,1.01
1514,0.841
1515,0.578
1516,0.336
1517,0.378
1518,1.011
1519,0.334
1520,0.092
1521,0.035
1522,0.022
1523,0.015
1524,0.01
1525,0.005
1526,0.006
1527,0.065
1528,0.156
1529,0.366
1530,0.634
1531,1.024
1532,1.324
1533,1.635
1534,1.772
1535,1.749
1536,1.514
1537,1.332
1538,1.162
1539,0.896
1540,0.601
1541,0.611
1542,1.655
1543,0.798
1544,0.372
1545,0.236
1546,0.224
1547,0.256
1548,0.299
1549,0.364
1550,0.52
1551,0.846
1552,0.939
1553,1.138
1554,1.516
1555,1.666
1556,1.466
1557,1.169
1558,0.937
1559,0.789
1560,0.635
1561,0.485
1562,0.313
1563,0.17
1564,0.088
1565,0.094
1566,0.398
1567,0.764
1568,0.841
1569,0.701
1570,0.467
1571,0.211
1572,0.125
1573,0.079
1574,0.211
1575,0.262
1576,0.261
1577,0.201
1578,0.132
1579,0.097
1580,0.085
1581,0.069
1582,0.069
1583,0.09
1584,0.105
1585,0.077
1586,0.03
1587,0.007
1588,0.004
1589,0.029
1590,0.425
1591,1.336
1592,1.829
1593,1.849
1594,1.573
1595,1.22
1596,1.069
1597,1.123
1598,1.284
1599,1.609
1600,1.74
1601,2.079
1602,2.179
1603,2.087
1604,1.881
1605,1.79
1606,1.552
1607,1.345
1608,1.138
1609,0.923
1610,0.774
1611,0.674
1612,0.628
1613,1.007
1614,3.433
1615,3.089
1616,2.444
1617,2.099
1618,1.958
1619,2
1620,2.231
1621,2.642
1622,3.277
1623,4.04
1624,4.387
1625,4.815
1626,4.372
1627,3.686
1628,3.251
1629,2.846
1630,2.255
1631,2.009
1632,1.927
1633,1.531
1634,1.26
1635,1.12
1636,0.987
1637,1.582
1638,3.672
1639,3.101
1640,2.085
1641,1.259
1642,0.628
1643,0.272
1644,0.143
1645,0.147
1646,0.261
1647,0.451
1648,0.727
1649,1.311
1650,1.699
1651,1.861
1652,1.987
1653,1.9
1654,1.828
1655,1.572
1656,1.333
1657,1.177
1658,1.001
1659,0.771
1660,0.61
1661,0.858
1662,1.418
1663,0.575
1664,0.052
1665,0.004
1666,0.001
1667,0
1668,0.003
1669,0.029
1670,0.079
1671,0.239
1672,0.252
1673,0.258
1674,0.181
1675,0.11
1676,0.054
1677,0.019
1678,0.048
1679,0.066
1680,0.08
1681,0.13
1682,0.419
1683,0.929
1684,1.457
1685,2.256
1686,2.093
1687,1.016
1688,0.621
1689,0.556
1690,0.332
1691,0.112
1692,0.033
1693,0.083
1694,0.106
1695,0.096
1696,0.128
1697,0.446
1698,0.672
1699,0.704
1700,0.614
1701,0.448
1702,0.379
1703,0.369
1704,0.388
1705,0.361
1706,0.259
1707,0.25
1708,0.221
1709,0.271
1710,0.269
1711,0.147
1712,0.068
1713,0.025
1714,0.003
1715,0
1716,0
1717,0.005
1718,0.081
1719,0.221
1720,0.285
1721,0.229
1722,0.131
1723,0.072
1724,0.096
1725,0.22
1726,0.422
1727,0.817
1728,1.225
1729,1.237
1730,0.991
1731,0.576
1732,0.222
1733,0.262
1734,0.378
1735,0.496
1736,0.615
1737,0.936
1738,1.33
1739,1.558
1740,1.761
1741,1.787
1742,1.601
1743,1.329
1744,0.882
1745,0.578
1746,0.387
1747,0.152
1748,0.027
1749,0.002
1750,0
1751,0
1752,0.002
1753,0.048
1754,0.161
1755,0.26
1756,0.262
1757,0.217
1758,0.023
1759,0
1760,0.031
1761,0.092
1762,0.072
1763,0.034
1764,0.014
1765,0.006
1766,0.004
1767,0.003
1768,0.002
1769,0.006
1770,0.024
1771,0.088
1772,0.196
1773,0.228
1774,0.14
1775,0.028
1776,0.007
1777,0.004
1778,0.006
1779,0.016
1780,0.056
1781,0.223
1782,1.114
1783,1.553
1784,1.522
1785,1.554
1786,1.383
1787,1.123
1788,1.006
1789,0.997
1790,0.984
1791,0.9
1792,0.625
1793,0.44
1794,0.316
1795,0.223
1796,0.17
1797,0.108
1798,0.062
1799,0.051
1800,0.057
1801,0.05
1802,0.027
1803,0.011
1804,0.007
1805,0.041
1806,0.668
1807,1.593
1808,1.947
1809,2.051
1810,2.181
1811,2.366
1812,2.744
1813,3.211
1814,3.645
1815,3.796
1816,3.129
1817,2.72
1818,2.939
1819,3.254
1820,3.05
1821,2.594
1822,2.329
1823,2.057
1824,1.743
1825,1.407
1826,1.163
1827,0.965
1828,0.764
1829,1.08
1830,5.989
1831,7.435
1832,6.948
1833,6.375
1834,6.133
1835,5.738
1836,4.793
1837,3.736
1838,3.04
1839,2.832
1840,2.329
1841,2.72
1842,3.435
1843,3.612
1844,3.281
1845,2.51
1846,1.775
1847,1.352
1848,1.187
1849,1.081
1850,0.986
1851,0.877
1852,0.763
1853,1.012
1854,5.302
1855,7.495
1856,7.4
1857,6.833
1858,6.19
1859,5.564
1860,5.103
1861,4.804
1862,4.618
1863,4.594
1864,4.036
1865,4.787
1866,5.564
1867,5.658
1868,5.321
1869,4.567
1870,3.461
1871,2.348
1872,1.823
1873,1.546
1874,1.275
1875,0.995
1876,0.717
1877,0.478
1878,2.281
1879,5.047
1880,4.831
1881,4.566
1882,4.345
1883,4.144
1884,4.046
1885,4.1
1886,4.284
1887,4.562
1888,4.101
1889,4.809
1890,5.253
1891,4.938
1892,4.005
1893,3.059
1894,2.281
1895,1.674
1896,1.175
1897,0.9
1898,0.734
1899,0.613
1900,0.474
1901,0.33
1902,0.511
1903,1.359
1904,1.267
1905,1.08
1906,1.012
1907,1.032
1908,1.13
1909,1.344
1910,1.631
1911,1.911
1912,1.614
1913,1.89
1914,2.247
1915,2.209
1916,1.843
1917,1.258
1918,0.759
1919,0.355
1920,0.178
1921,0.125
1922,0.11
1923,0.105
1924,0.115
1925,0.184
1926,0.253
1927,0.124
1928,0.063
1929,0.036
1930,0.015
1931,0.005
1932,0.001
1933,0.002
1934,0.008
1935,0.138
1936,0.279
1937,0.466
1938,0.473
1939,0.358
1940,0.227
1941,0.133
1942,0.075
1943,0.041
1944,0.021
1945,0.019
1946,0.032
1947,0.049
1948,0.05
1949,0.054
1950,0.007
1951,0
1952,0
1953,0.001
1954,0.003
1955,0.004
1956,0.003
1957,0.002
1958,0.007
1959,0.034
1960,0.084
1961,0.23
1962,0.3
1963,0.243
1964,0.149
1965,0.094
1966,0.081
1967,0.096
1968,0.144
1969,0.18
1970,0.198
1971,0.202
1972,0.131
1973,0.054
1974,0.035
1975,0.073
1976,0.081
1977,0.06
1978,0.026
1979,0.015
1980,0.004
1981,0.026
1982,0.028
1983,0.03
1984,0.024
1985,0.029
1986,0.035
1987,0.033
1988,0.03
1989,0.053
1990,0.164
1991,0.291
1992,0.301
1993,0.224
1994,0.11
1995,0.023
1996,0.005
1997,0.006
1998,0
1999,0.001
2000,0.038
2001,0.067
2002,0.032
2003,0.008
2004,0.003
2005,0.002
2006,0.001
2007,0
2008,0
2009,0.001
2010,0.003
2011,0.002
2012,0.003
2013,0.022
2014,0.12
2015,0.245
2016,0.342
2017,0.447
2018,0.457
2019,0.445
2020,0.408
2021,0.377
2022,0.264
2023,0.123
2024,0.123
2025,0.28
2026,0.477
2027,0.575
2028,0.54
2029,0.507
2030,0.49
2031,0.343
2032,0.124
2033,0.135
2034,0.265
2035,0.483
2036,0.641
2037,0.638
2038,0.481
2039,0.3
2040,0.244
2041,0.251
2042,0.259
2043,0.263
2044,0.23
2045,0.221
2046,0.138
2047,0.08
2048,0.074
2049,0.098
2050,0.189
2051,0.388
2052,0.644
2053,0.967
2054,1.385
2055,1.819
2056,1.769
2057,2.093
2058,2.184
2059,1.859
2060,1.416
2061,0.995
2062,0.641
2063,0.336
2064,0.2
2065,0.2
2066,0.238
2067,0.251
2068,0.283
2069,0.479
2070,0.877
2071,0.919
2072,0.538
2073,0.239
2074,0.108
2075,0.055
2076,0.066
2077,0.084
2078,0.121
2079,0.078
2080,0.024
2081,0.04
2082,0.051
2083,0.039
2084,0.018
2085,0.022
2086,0.022
2087,0.014
2088,0.008
2089,0.005
2090,0.003
2091,0.002
2092,0
2093,0
2094,0
2095,0.046
2096,0.178
2097,0.289
2098,0.269
2099,0.163
2100,0.086
2101,0.057
2102,0.075
2103,0.165
2104,0.355
2105,0.727
2106,0.9
2107,0.617
2108,0.364
2109,0.223
2110,0.126
2111,0.077
2112,0.044
2113,0.023
2114,0.014
2115,0.009
2116,0.018
2117,0.08
2118,0.48
2119,0.962
2120,1.046
2121,0.928
2122,0.629
2123,0.35
2124,0.185
2125,0.092
2126,0.057
2127,0.112
2128,0.183
2129,0.251
2130,0.113
2131,0.06
2132,0.122
2133,0.155
2134,0.144
2135,0.124
2136,0.086
2137,0.075
2138,0.103
2139,0.182
2140,0.323
2141,0.492
2142,0.541
2143,0.352
2144,0.211
2145,0.121
2146,0.055
2147,0.01
2148,0
2149,0
2150,0.021
2151,0.079
2152,0.077
2153,0.089
2154,0.09
2155,0.047
2156,0.012
2157,0.001
2158,0
2159,0
2160,0
2161,0
2162,0.001
2163,0.002
2164,0.001
2165,0
2166,0.003
2167,0.02
2168,0.031
2169,0.08
2170,0.204
2171,0.287
2172,0.123
2173,0.108
2174,0.482
2175,0.777
2176,0.68
2177,0.956
2178,1.218
2179,1.152
2180,0.841
2181,0.51
2182,0.261
2183,0.095
2184,0.027
2185,0.037
2186,0.255
2187,0.809
2188,1.001
2189,0.816
2190,0.357
2191,0.113
2192,0.03
2193,0.003
2194,0.001
2195,0
2196,0
2197,0
2198,0.008
2199,0.336
2200,1.013
2201,1.598
2202,1.702
2203,1.559
2204,1.23
2205,0.901
2206,0.632
2207,0.4
2208,0.255
2209,0.212
2210,0.245
2211,0.386
2212,0.554
2213,0.716
2214,0.348
2215,0.034
2216,0.002
2217,0
2218,0
2219,0.002
2220,0.127
2221,0.654
2222,1.278
2223,1.521
2224,1.258
2225,0.857
2226,0.43
2227,0.143
2228,0.041
2229,0.02
2230,0.016
2231,0.016
2232,0.03
2233,0.061
2234,0.081
2235,0.091
2236,0.127
2237,0.147
2238,0.002
2239,0
2240,0
2241,0
2242,0.005
2243,0.027
2244,0.035
2245,0.146
2246,0.569
2247,0.811
2248,0.877
2249,0.86
2250,0.59
2251,0.316
2252,0.138
2253,0.042
2254,0.011
2255,0.004
2256,0.001
2257,0
2258,0
2259,0
2260,0
2261,0
2262,0
2263,0.005
2264,0.05
2265,0.151
2266,0.183
2267,0.062
2268,0.021
2269,0.018
2270,0.003
2271,0.008
2272,0.289
2273,0.949
2274,1.045
2275,0.821
2276,0.611
2277,0.45
2278,0.3
2279,0.176
2280,0.082
2281,0.035
2282,0.013
2283,0.004
2284,0.001
2285,0
2286,0.006
2287,0.196
2288,0.398
2289,0.41
2290,0.348
2291,0.299
2292,0.322
2293,0.445
2294,0.689
2295,1.012
2296,1.037
2297,1.057
2298,1.124
2299,0.869
2300,0.424
2301,0.183
2302,0.077
2303,0.034
2304,0.025
2305,0.033
2306,0.064
2307,0.102
2308,0.185
2309,0.606
2310,2.105
2311,2.931
2312,3.286
2313,3.822
2314,4.127
2315,4.005
2316,3.38
2317,2.646
2318,2.175
2319,1.934
2320,1.382
2321,1.191
2322,1.444
2323,1.49
2324,1.129
2325,0.642
2326,0.399
2327,0.35
2328,0.36
2329,0.381
2330,0.451
2331,0.557
2332,0.679
2333,0.991
2334,3.261
2335,4.513
2336,3.736
2337,2.809
2338,2.009
2339,1.44
2340,1.174
2341,1.059
2342,1.073
2343,1.218
2344,1.161
2345,0.813
2346,0.461
2347,0.22
2348,0.089
2349,0.036
2350,0.02
2351,0.03
2352,0.057
2353,0.088
2354,0.12
2355,0.168
2356,0.218
2357,0.377
2358,0.883
2359,1.318
2360,1.319
2361,1.193
2362,1.155
2363,1.197
2364,1.329
2365,1.558
2366,1.84
2367,2.026
2368,1.546
2369,1.455
2370,1.565
2371,1.468
2372,1.314
2373,0.956
2374,0.574
2375,0.317
2376,0.224
2377,0.218
2378,0.249
2379,0.288
2380,0.306
2381,0.429
2382,1.211
2383,1.013
2384,0.742
2385,0.592
2386,0.527
2387,0.485
2388,0.469
2389,0.483
2390,0.539
2391,0.68
2392,0.735
2393,1.002
2394,0.94
2395,0.723
2396,0.481
2397,0.413
2398,0.376
2399,0.426
2400,0.304
2401,0.166
2402,0.094
2403,0.128
2404,0.162
2405,0.349
2406,0.722
2407,0.531
2408,0.299
2409,0.171
2410,0.124
2411,0.119
2412,0.127
2413,0.212
2414,0.379
2415,0.567
2416,0.633
2417,0.695
2418,0.583
2419,0.336
2420,0.13
2421,0.053
2422,0.031
2423,0.02
2424,0.016
2425,0.01
2426,0.002
2427,0.003
2428,0.009
2429,0.012
2430,0.001
2431,0.015
2432,0.034
2433,0.006
2434,0.003
2435,0.003
2436,0.002
2437,0.005
2438,0.05
2439,0.146
2440,0.155
2441,0.109
2442,0.044
2443,0.014
2444,0.008
2445,0.05
2446,0.177
2447,0.155
2448,0.031
2449,0.019
2450,0.024
2451,0.015
2452,0.008
2453,0.014
2454,0.06
2455,0.039
2456,0.001
2457,0.003
2458,0.02
2459,0.032
2460,0.018
2461,0.015
2462,0.018
2463,0.019
2464,0.034
2465,0.044
2466,0.047
2467,0.042
2468,0.038
2469,0.045
2470,0.033
2471,0.015
2472,0.007
2473,0.006
2474,0.026
2475,0.142
2476,0.19
2477,0.162
2478,0.067
2479,0.034
2480,0.028
2481,0.028
2482,0.02
2483,0.004
2484,0.003
2485,0.006
2486,0.054
2487,0.059
2488,0.047
2489,0.069
2490,0.075
2491,0.046
2492,0.016
2493,0.003
2494,0.001
2495,0
2496,0.002
2497,0.005
2498,0.005
2499,0.006
2500,0.006
2501,0.013
2502,0.021
2503,0.046
2504,0.096
2505,0.069
2506,0.042
2507,0.074
2508,0.18
2509,0.2
2510,0.123
2511,0.049
2512,0.015
2513,0.016
2514,0.023
2515,0.021
2516,0.02
2517,0.023
2518,0.04
2519,0.056
2520,0.078
2521,0.106
2522,0.138
2523,0.148
2524,0.133
2525,0.191
2526,0.22
2527,0.166
2528,0.155
2529,0.146
2530,0.12
2531,0.102
2532,0.11
2533,0.175
2534,0.276
2535,0.346
2536,0.284
2537,0.202
2538,0.082
2539,0.016
2540,0.001
2541,0
2542,0
2543,0
2544,0.001
2545,0.003
2546,0.009
2547,0.026
2548,0.04
2549,0.066
2550,0.102
2551,0.08
2552,0.042
2553,0.018
2554,0.004
2555,0.001
2556,0
2557,0.004
2558,0.034
2559,0.081
2560,0.108
2561,0.094
2562,0.046
2563,0.013
2564,0.002
2565,0.004
2566,0.012
2567,0.027
2568,0.063
2569,0.111
2570,0.112
2571,0.05
2572,0.045
2573,0.279
2574,1.046
2575,1.483
2576,1.336
2577,1.095
2578,0.697
2579,0.354
2580,0.049
2581,0.011
2582,0.022
2583,0.03
2584,0.039
2585,0.023
2586,0.008
2587,0.001
2588,0
2589,0
2590,0.004
2591,0.028
2592,0.082
2593,0.151
2594,0.158
2595,0.124
2596,0.071
2597,0.129
2598,0.485
2599,1.034
2600,1.119
2601,0.948
2602,0.815
2603,0.578
2604,0.267
2605,0.065
2606,0.014
2607,0.035
2608,0.034
2609,0.056
2610,0.065
2611,0.042
2612,0.022
2613,0.025
2614,0.046
2615,0.073
2616,0.052
2617,0.011
2618,0.002
2619,0.003
2620,0.014
2621,0.125
2622,0.546
2623,1.027
2624,1.306
2625,1.283
2626,1.043
2627,0.724
2628,0.475
2629,0.34
2630,0.294
2631,0.271
2632,0.252
2633,0.279
2634,0.239
2635,0.165
2636,0.118
2637,0.088
2638,0.059
2639,0.04
2640,0.031
2641,0.033
2642,0.027
2643,0.022
2644,0.017
2645,0.031
2646,0.152
2647,0.344
2648,0.454
2649,0.441
2650,0.338
2651,0.216
2652,0.19
2653,0.207
2654,0.291
2655,0.353
2656,0.413
2657,0.49
2658,0.424
2659,0.247
2660,0.103
2661,0.023
2662,0.006
2663,0.003
2664,0.001
2665,0.001
2666,0.002
2667,0.007
2668,0.029
2669,0.173
2670,1.159
2671,1.312
2672,1.029
2673,0.699
2674,0.425
2675,0.287
2676,0.426
2677,0.707
2678,1.256
2679,2.078
2680,2.704
2681,2.5
2682,1.789
2683,1.1
2684,0.575
2685,0.236
2686,0.083
2687,0.04
2688,0.027
2689,0.045
2690,0.073
2691,0.064
2692,0.027
2693,0.02
2694,0.251
2695,0.555
2696,0.645
2697,0.686
2698,0.66
2699,0.54
2700,0.431
2701,0.351
2702,0.3
2703,0.33
2704,0.204
2705,0.292
2706,0.411
2707,0.396
2708,0.264
2709,0.106
2710,0.063
2711,0.054
2712,0.057
2713,0.104
2714,0.124
2715,0.155
2716,0.166
2717,0.299
2718,0.629
2719,0.737
2720,0.637
2721,0.553
2722,0.45
2723,0.352
2724,0.288
2725,0.307
2726,0.358
2727,0.37
2728,0.265
2729,0.156
2730,0.078
2731,0.022
2732,0.008
2733,0.005
2734,0.006
2735,0.005
2736,0.008
2737,0.014
2738,0.021
2739,0.014
2740,0.011
2741,0.016
2742,0.093
2743,0.143
2744,0.104
2745,0.051
2746,0.011
2747,0.003
2748,0
2749,0.013
2750,0.028
2751,0.063
2752,0.127
2753,0.202
2754,0.124
2755,0.048
2756,0.011
2757,0.001
2758,0.001
2759,0.002
2760,0.003
2761,0.004
2762,0.006
2763,0.006
2764,0.005
2765,0.011
2766,0.121
2767,0.249
2768,0.223
2769,0.142
2770,0.079
2771,0.035
2772,0.015
2773,0.01
2774,0.054
2775,0.071
2776,0.068
2777,0.093
2778,0.081
2779,0.045
2780,0.026
2781,0.022
2782,0.012
2783,0.008
2784,0.014
2785,0.023
2786,0.036
2787,0.043
2788,0.037
2789,0.064
2790,0.22
2791,0.16
2792,0.108
2793,0.088
2794,0.086
2795,0.051
2796,0.041
2797,0.063
2798,0.264
2799,0.309
2800,0.263
2801,0.315
2802,0.297
2803,0.196
2804,0.089
2805,0.028
2806,0.012
2807,0.005
2808,0.003
2809,0.003
2810,0.013
2811,0.026
2812,0.012
2813,0.004
2814,0.001
2815,0.001
2816,0.003
2817,0.001
2818,0.002
2819,0.004
2820,0.039
2821,0.177
2822,0.34
2823,0.487
2824,0.609
2825,0.791
2826,0.701
2827,0.486
2828,0.311
2829,0.191
2830,0.153
2831,0.154
2832,0.139
2833,0.101
2834,0.078
2835,0.054
2836,0.034
2837,0.034
2838,0.087
2839,0.25
2840,0.301
2841,0.252
2842,0.17
2843,0.086
2844,0.045
2845,0.06
2846,0.09
2847,0.109
2848,0.135
2849,0.207
2850,0.21
2851,0.124
2852,0.051
2853,0.026
2854,0.025
2855,0.028
2856,0.027
2857,0.025
2858,0.023
2859,0.02
2860,0.013
2861,0.011
2862,0.017
2863,0.031
2864,0.024
2865,0.008
2866,0.001
2867,0
2868,0
2869,0.003
2870,0.068
2871,0.205
2872,0.347
2873,0.328
2874,0.174
2875,0.063
2876,0.029
2877,0.013
2878,0.007
2879,0.004
2880,0.002
2881,0.001
2882,0.001
2883,0.001
2884,0.001
2885,0.004
2886,0.018
2887,0.023
2888,0.008
2889,0.002
2890,0.002
2891,0.014
2892,0.022
2893,0.009
2894,0.002
2895,0
2896,0
2897,0
2898,0
2899,0
2900,0
2901,0
2902,0
2903,0
2904,0
2905,0
2906,0.003
2907,0.008
2908,0.009
2909,0.009
2910,0.011
2911,0.004
2912,0.002
2913,0.001
2914,0.001
2915,0.007
2916,0.064
2917,0.185
2918,0.338
2919,0.531
2920,0.806
2921,1.063
2922,0.842
2923,0.526
2924,0.299
2925,0.171
2926,0.108
2927,0.092
2928,0.096
2929,0.087
2930,0.063
2931,0.042
2932,0.034
2933,0.041
2934,0.018
2935,0.004
2936,0.001
2937,0.001
2938,0.001
2939,0.005
2940,0.074
2941,0.202
2942,0.297
2943,0.416
2944,0.619
2945,0.859
2946,0.88
2947,0.82
2948,0.737
2949,0.618
2950,0.453
2951,0.331
2952,0.254
2953,0.193
2954,0.203
2955,0.328
2956,0.5
2957,0.64
2958,0.355
2959,0.034
2960,0
2961,0
2962,0
2963,0
2964,0
2965,0.013
2966,0.046
2967,0.114
2968,0.232
2969,0.413
2970,0.381
2971,0.226
2972,0.118
2973,0.068
2974,0.022
2975,0.001
2976,0
2977,0
2978,0.016
2979,0.087
2980,0.152
2981,0.213
2982,0.163
2983,0.102
2984,0.091
2985,0.11
2986,0.158
2987,0.253
2988,0.347
2989,0.356
2990,0.306
2991,0.231
2992,0.108
2993,0.091
2994,0.09
2995,0.124
2996,0.187
2997,0.227
2998,0.246
2999,0.296
3000,0.198
3001,0.027
3002,0.001
3003,0
3004,0
3005,0.001
3006,0.011
3007,0.028
3008,0.029
3009,0.016
3010,0.003
3011,0.002
3012,0.007
3013,0.056
3014,0.178
3015,0.275
3016,0.305
3017,0.352
3018,0.303
3019,0.203
3020,0.111
3021,0.064
3022,0.044
3023,0.039
3024,0.041
3025,0.059
3026,0.081
3027,0.067
3028,0.025
3029,0.009
3030,0.004
3031,0.008
3032,0.041
3033,0.151
3034,0.357
3035,0.605
3036,0.614
3037,0.502
3038,0.366
3039,0.204
3040,0.089
3041,0.056
3042,0.037
3043,0.02
3044,0.008
3045,0.002
3046,0
3047,0
3048,0.001
3049,0.001
3050,0.007
3051,0.097
3052,0.354
3053,0.578
3054,0.634
3055,0.656
3056,0.691
3057,0.924
3058,1.227
3059,1.523
3060,1.563
3061,1.274
3062,0.831
3063,0.366
3064,0.063
3065,0.006
3066,0
3067,0
3068,0.002
3069,0.011
3070,0.014
3071,0.022
3072,0.016
3073,0.006
3074,0.003
3075,0.001
3076,0
3077,0
3078,0
3079,0
3080,0
3081,0
3082,0
3083,0
3084,0.023
3085,0.17
3086,0.328
3087,0.307
3088,0.214
3089,0.184
3090,0.129
3091,0.075
3092,0.043
3093,0.027
3094,0.016
3095,0.008
3096,0.008
3097,0.018
3098,0.04
3099,0.04
3100,0.014
3101,0.004
3102,0.003
3103,0.005
3104,0.003
3105,0.004
3106,0.026
3107,0.159
3108,0.365
3109,0.505
3110,0.481
3111,0.267
3112,0.068
3113,0.011
3114,0.001
3115,0
3116,0.002
3117,0.008
3118,0.011
3119,0.014
3120,0.035
3121,0.066
3122,0.061
3123,0.03
3124,0.024
3125,0.068
3126,0.252
3127,0.362
3128,0.312
3129,0.181
3130,0.073
3131,0.039
3132,0.046
3133,0.086
3134,0.132
3135,0.166
3136,0.17
3137,0.219
3138,0.157
3139,0.076
3140,0.024
3141,0.007
3142,0.005
3143,0.006
3144,0.009
3145,0.012
3146,0.013
3147,0.014
3148,0.012
3149,0.004
3150,0
3151,0
3152,0
3153,0
3154,0
3155,0.002
3156,0.014
3157,0.043
3158,0.068
3159,0.071
3160,0.053
3161,0.065
3162,0.096
3163,0.167
3164,0.285
3165,0.377
3166,0.342
3167,0.212
3168,0.079
3169,0.017
3170,0.004
3171,0.005
3172,0.009
3173,0.036
3174,0.053
3175,0.046
3176,0.035
3177,0.006
3178,0
3179,0.007
3180,0.028
3181,0.08
3182,0.143
3183,0.134
3184,0.145
3185,0.259
3186,0.363
3187,0.416
3188,0.406
3189,0.312
3190,0.227
3191,0.221
3192,0.245
3193,0.257
3194,0.232
3195,0.175
3196,0.113
3197,0.078
3198,0.049
3199,0.027
3200,0.006
3201,0.001
3202,0.003
3203,0.012
3204,0.019
3205,0.022
3206,0.023
3207,0.024
3208,0.042
3209,0.109
3210,0.112
3211,0.046
3212,0.006
3213,0
3214,0
3215,0
3216,0
3217,0
3218,0
3219,0.001
3220,0.002
3221,0.005
3222,0.032
3223,0.065
3224,0.062
3225,0.046
3226,0.019
3227,0.004
3228,0
3229,0
3230,0
3231,0
3232,0.001
3233,0.007
3234,0.008
3235,0.006
3236,0.004
3237,0.005
3238,0.007
3239,0.014
3240,0.016
3241,0.016
3242,0.023
3243,0.05
3244,0.103
3245,0.163
3246,0.151
3247,0.094
3248,0.059
3249,0.044
3250,0.044
3251,0.039
3252,0.032
3253,0.011
3254,0.014
3255,0.012
3256,0.012
3257,0.015
3258,0.021
3259,0.011
3260,0.007
3261,0.005
3262,0.004
3263,0.001
3264,0.002
3265,0.002
3266,0.002
3267,0.003
3268,0.004
3269,0.003
3270,0.006
3271,0.005
3272,0.009
3273,0.016
3274,0.022
3275,0.009
3276,0.005
3277,0.016
3278,0.028
3279,0.083
3280,0.272
3281,0.475
3282,0.394
3283,0.202
3284,0.07
3285,0.013
3286,0.001
3287,0.001
3288,0.004
3289,0.004
3290,0.001
3291,0
3292,0.001
3293,0.001
3294,0
3295,0.001
3296,0.001
3297,0.008
3298,0.043
3299,0.108
3300,0.204
3301,0.368
3302,0.611
3303,0.921
3304,1.15
3305,1.387
3306,1.219
3307,0.829
3308,0.436
3309,0.177
3310,0.073
3311,0.054
3312,0.069
3313,0.103
3314,0.135
3315,0.163
3316,0.167
3317,0.193
3318,0.11
3319,0.011
3320,0
3321,0
3322,0
3323,0
3324,0
3325,0.001
3326,0.044
3327,0.149
3328,0.371
3329,0.826
3330,0.922
3331,0.712
3332,0.446
3333,0.201
3334,0.079
3335,0.052
3336,0.068
3337,0.088
3338,0.071
3339,0.027
3340,0.006
3341,0.003
3342,0.001
3343,0
3344,0.001
3345,0.002
3346,0.001
3347,0
3348,0
3349,0
3350,0.004
3351,0.022
3352,0.092
3353,0.335
3354,0.42
3355,0.298
3356,0.147
3357,0.056
3358,0.02
3359,0.008
3360,0.008
3361,0.008
3362,0.004
3363,0.003
3364,0.001
3365,0.005
3366,0.044
3367,0.107
3368,0.158
3369,0.235
3370,0.397
3371,0.622
3372,0.798
3373,0.957
3374,0.973
3375,0.739
3376,0.364
3377,0.17
3378,0.101
3379,0.107
3380,0.153
3381,0.205
3382,0.284
3383,0.445
3384,0.489
3385,0.415
3386,0.275
3387,0.155
3388,0.05
3389,0.014
3390,0.003
3391,0.001
3392,0
3393,0
3394,0
3395,0
3396,0
3397,0.002
3398,0.028
3399,0.05
3400,0.089
3401,0.222
3402,0.282
3403,0.23
3404,0.152
3405,0.092
3406,0.047
3407,0.019
3408,0.011
3409,0.009
3410,0.007
3411,0.012
3412,0.027
3413,0.067
3414,0.127
3415,0.218
3416,0.349
3417,0.437
3418,0.562
3419,0.722
3420,0.849
3421,0.868
3422,0.722
3423,0.447
3424,0.17
3425,0.088
3426,0.033
3427,0.006
3428,0
3429,0
3430,0.003
3431,0.017
3432,0.071
3433,0.181
3434,0.351
3435,0.451
3436,0.343
3437,0.147
3438,0.023
3439,0
3440,0
3441,0
3442,0
3443,0.004
3444,0.016
3445,0.036
3446,0.063
3447,0.102
3448,0.146
3449,0.338
3450,0.493
3451,0.473
3452,0.308
3453,0.15
3454,0.079
3455,0.046
3456,0.035
3457,0.031
3458,0.033
3459,0.044
3460,0.06
3461,0.117
3462,0.134
3463,0.112
3464,0.131
3465,0.239
3466,0.304
3467,0.257
3468,0.151
3469,0.072
3470,0.035
3471,0.022
3472,0.02
3473,0.062
3474,0.106
3475,0.13
3476,0.136
3477,0.13
3478,0.12
3479,0.098
3480,0.084
3481,0.086
3482,0.108
3483,0.14
3484,0.167
3485,0.18
3486,0.066
3487,0.002
3488,0
3489,0
3490,0
3491,0
3492,0.001
3493,0.003
3494,0.012
3495,0.03
3496,0.098
3497,0.426
3498,0.707
3499,0.773
3500,0.676
3501,0.492
3502,0.3
3503,0.157
3504,0.063
3505,0.014
3506,0.001
3507,0
3508,0
3509,0
3510,0
3511,0
3512,0
3513,0
3514,0
3515,0.001
3516,0.001
3517,0.001
3518,0.001
3519,0.003
3520,0.007
3521,0.031
3522,0.057
3523,0.052
3524,0.028
3525,0.009
3526,0.006
3527,0.009
3528,0.026
3529,0.096
3530,0.168
3531,0.189
3532,0.136
3533,0.153
3534,0.135
3535,0.109
3536,0.064
3537,0.024
3538,0.004
3539,0.001
3540,0.001
3541,0.003
3542,0.014
3543,0.048
3544,0.125
3545,0.302
3546,0.381
3547,0.328
3548,0.204
3549,0.1
3550,0.052
3551,0.033
3552,0.032
3553,0.032
3554,0.018
3555,0.004
3556,0
3557,0
3558,0.001
3559,0.003
3560,0.002
3561,0.001
3562,0
3563,0
3564,0
3565,0
3566,0
3567,0
3568,0.004
3569,0.032
3570,0.071
3571,0.076
3572,0.049
3573,0.021
3574,0.008
3575,0.002
3576,0.001
3577,0.001
3578,0.009
3579,0.03
3580,0.051
3581,0.063
3582,0.075
3583,0.06
3584,0.019
3585,0.002
3586,0
3587,0
3588,0.021
3589,0.166
3590,0.534
3591,1.009
3592,1.197
3593,1.316
3594,1.013
3595,0.578
3596,0.26
3597,0.096
3598,0.039
3599,0.024
3600,0.025
3601,0.025
3602,0.019
3603,0.009
3604,0.003
3605,0.001
3606,0.001
3607,0.002
3608,0.002
3609,0.003
3610,0.021
3611,0.202
3612,0.505
3613,0.712
3614,0.739
3615,0.542
3616,0.255
3617,0.152
3618,0.071
3619,0.022
3620,0.005
3621,0.001
3622,0
3623,0
3624,0
3625,0
3626,0.001
3627,0.004
3628,0.003
3629,0
3630,0
3631,0
3632,0
3633,0
3634,0
3635,0.001
3636,0.009
3637,0.032
3638,0.079
3639,0.134
3640,0.208
3641,0.393
3642,0.43
3643,0.304
3644,0.144
3645,0.043
3646,0.01
3647,0.004
3648,0.004
3649,0.004
3650,0.003
3651,0.001
3652,0
3653,0
3654,0
3655,0
3656,0.001
3657,0.003
3658,0.002
3659,0
3660,0
3661,0
3662,0
3663,0.01
3664,0.095
3665,0.387
3666,0.542
3667,0.472
3668,0.308
3669,0.159
3670,0.059
3671,0.017
3672,0.006
3673,0.004
3674,0.002
3675,0.001
3676,0
3677,0
3678,0
3679,0
3680,0
3681,0.001
3682,0.002
3683,0.006
3684,0.018
3685,0.045
3686,0.121
3687,0.26
3688,0.451
3689,0.759
3690,0.763
3691,0.542
3692,0.292
3693,0.124
3694,0.05
3695,0.024
3696,0.013
3697,0.005
3698,0.001
3699,0
3700,0
3701,0.003
3702,0.012
3703,0.049
3704,0.1
3705,0.111
3706,0.044
3707,0.005
3708,0
3709,0
3710,0
3711,0.006
3712,0.077
3713,0.299
3714,0.352
3715,0.226
3716,0.125
3717,0.079
3718,0.078
3719,0.071
3720,0.031
3721,0.007
3722,0.004
3723,0.019
3724,0.056
3725,0.097
3726,0.085
3727,0.033
3728,0.005
3729,0.001
3730,0.001
3731,0.032
3732,0.465
3733,1.178
3734,1.528
3735,1.458
3736,0.952
3737,0.619
3738,0.559
3739,0.617
3740,0.613
3741,0.453
3742,0.394
3743,0.471
3744,0.542
3745,0.517
3746,0.333
3747,0.086
3748,0.031
3749,0.152
3750,0.282
3751,0.374
3752,0.469
3753,0.518
3754,0.488
3755,0.41
3756,0.303
3757,0.248
3758,0.197
3759,0.14
3760,0.137
3761,0.269
3762,0.312
3763,0.22
3764,0.107
3765,0.034
3766,0.008
3767,0.002
3768,0
3769,0
3770,0
3771,0
3772,0
3773,0
3774,0
3775,0
3776,0
3777,0
3778,0
3779,0
3780,0
3781,0
3782,0.003
3783,0.016
3784,0.051
3785,0.155
3786,0.233
3787,0.229
3788,0.19
3789,0.154
3790,0.142
3791,0.162
3792,0.141
3793,0.112
3794,0.084
3795,0.076
3796,0.106
3797,0.22
3798,0.443
3799,0.502
3800,0.386
3801,0.209
3802,0.051
3803,0.003
3804,0
3805,0.001
3806,0.022
3807,0.288
3808,0.824
3809,1.109
3810,0.923
3811,0.489
3812,0.261
3813,0.194
3814,0.202
3815,0.218
3816,0.222
3817,0.165
3818,0.079
3819,0.027
3820,0.003
3821,0
3822,0
3823,0.003
3824,0.028
3825,0.135
3826,0.322
3827,0.484
3828,0.587
3829,0.535
3830,0.335
3831,0.163
3832,0.089
3833,0.141
3834,0.198
3835,0.222
3836,0.226
3837,0.187
3838,0.101
3839,0.035
3840,0.014
3841,0.014
3842,0.023
3843,0.039
3844,0.043
3845,0.044
3846,0.047
3847,0.047
3848,0.049
3849,0.054
3850,0.072
3851,0.136
3852,0.229
3853,0.286
3854,0.257
3855,0.169
3856,0.079
3857,0.065
3858,0.047
3859,0.029
3860,0.018
3861,0.014
3862,0.017
3863,0.035
3864,0.06
3865,0.079
3866,0.079
3867,0.051
3868,0.028
3869,0.063
3870,0.238
3871,0.629
3872,0.794
3873,0.614
3874,0.29
3875,0.075
3876,0.014
3877,0.006
3878,0.008
3879,0.014
3880,0.04
3881,0.129
3882,0.184
3883,0.176
3884,0.135
3885,0.092
3886,0.059
3887,0.031
3888,0.014
3889,0.006
3890,0.006
3891,0.013
3892,0.027
3893,0.068
3894,0.156
3895,0.22
3896,0.185
3897,0.138
3898,0.198
3899,0.33
3900,0.455
3901,0.578
3902,0.68
3903,0.584
3904,0.31
3905,0.299
3906,0.333
3907,0.392
3908,0.491
3909,0.578
3910,0.595
3911,0.541
3912,0.364
3913,0.18
3914,0.108
3915,0.061
3916,0.043
3917,0.073
3918,0.076
3919,0.034
3920,0.004
3921,0.002
3922,0.008
3923,0.008
3924,0.002
3925,0
3926,0
3927,0
3928,0
3929,0.001
3930,0.016
3931,0.067
3932,0.079
3933,0.052
3934,0.049
3935,0.078
3936,0.106
3937,0.064
3938,0.021
3939,0.007
3940,0.002
3941,0
3942,0
3943,0.003
3944,0.03
3945,0.056
3946,0.06
3947,0.055
3948,0.047
3949,0.04
3950,0.039
3951,0.046
3952,0.074
3953,0.254
3954,0.474
3955,0.6
3956,0.602
3957,0.514
3958,0.383
3959,0.253
3960,0.152
3961,0.08
3962,0.036
3963,0.018
3964,0.008
3965,0.003
3966,0
3967,0
3968,0
3969,0.003
3970,0.004
3971,0.004
3972,0.003
3973,0.002
3974,0.001
3975,0
3976,0
3977,0
3978,0.001
3979,0.004
3980,0.007
3981,0.01
3982,0.011
3983,0.01
3984,0.008
3985,0.007
3986,0.014
3987,0.017
3988,0.008
3989,0.002
3990,0.005
3991,0.006
3992,0.007
3993,0.004
3994,0.001
3995,0
3996,0
3997,0
3998,0
3999,0.001
4000,0.032
4001,0.218
4002,0.375
4003,0.367
4004,0.252
4005,0.114
4006,0.043
4007,0.013
4008,0.003
4009,0.001
4010,0
4011,0
4012,0
4013,0
4014,0
4015,0
4016,0.001
4017,0.001
4018,0
4019,0
4020,0.001
4021,0.005
4022,0.023
4023,0.077
4024,0.283
4025,0.984
4026,1.33
4027,1.129
4028,0.765
4029,0.412
4030,0.156
4031,0.035
4032,0.004
4033,0
4034,0
4035,0
4036,0
4037,0
4038,0.001
4039,0.004
4040,0.006
4041,0.003
4042,0
4043,0
4044,0
4045,0
4046,0
4047,0.005
4048,0.107
4049,0.578
4050,0.865
4051,0.74
4052,0.494
4053,0.266
4054,0.128
4055,0.052
4056,0.022
4057,0.011
4058,0.006
4059,0.004
4060,0.003
4061,0.003
4062,0.02
4063,0.045
4064,0.048
4065,0.048
4066,0.046
4067,0.055
4068,0.078
4069,0.112
4070,0.184
4071,0.294
4072,0.351
4073,0.663
4074,0.948
4075,1.043
4076,0.958
4077,0.765
4078,0.45
4079,0.122
4080,0.022
4081,0.004
4082,0.002
4083,0.004
4084,0.018
4085,0.073
4086,0.198
4087,0.314
4088,0.315
4089,0.3
4090,0.299
4091,0.265
4092,0.287
4093,0.388
4094,0.501
4095,0.527
4096,0.374
4097,0.248
4098,0.13
4099,0.038
4100,0.012
4101,0.013
4102,0.038
4103,0.098
4104,0.136
4105,0.081
4106,0.062
4107,0.114
4108,0.186
4109,0.277
4110,0.3
4111,0.195
4112,0.068
4113,0.008
4114,0.001
4115,0.004
4116,0.026
4117,0.063
4118,0.088
4119,0.108
4120,0.09
4121,0.082
4122,0.078
4123,0.073
4124,0.089
4125,0.133
4126,0.17
4127,0.152
4128,0.11
4129,0.081
4130,0.063
4131,0.024
4132,0.003
4133,0.001
4134,0.001
4135,0.006
4136,0.047
4137,0.088
4138,0.062
4139,0.034
4140,0.031
4141,0.04
4142,0.046
4143,0.044
4144,0.038
4145,0.077
4146,0.104
4147,0.105
4148,0.08
4149,0.045
4150,0.02
4151,0.007
4152,0.001
4153,0
4154,0
4155,0
4156,0
4157,0
4158,0
4159,0
4160,0
4161,0
4162,0
4163,0
4164,0
4165,0
4166,0.001
4167,0.037
4168,0.144
4169,0.423
4170,0.486
4171,0.379
4172,0.271
4173,0.193
4174,0.146
4175,0.103
4176,0.067
4177,0.043
4178,0.027
4179,0.025
4180,0.032
4181,0.06
4182,0.113
4183,0.153
4184,0.132
4185,0.108
4186,0.103
4187,0.126
4188,0.184
4189,0.257
4190,0.32
4191,0.357
4192,0.334
4193,0.539
4194,0.643
4195,0.6
4196,0.451
4197,0.26
4198,0.124
4199,0.062
4200,0.037
4201,0.025
4202,0.022
4203,0.019
4204,0.006
4205,0.001
4206,0
4207,0.001
4208,0.001
4209,0.002
4210,0.012
4211,0.018
4212,0.014
4213,0.009
4214,0.009
4215,0.016
4216,0.033
4217,0.167
4218,0.38
4219,0.529
4220,0.515
4221,0.374
4222,0.196
4223,0.076
4224,0.024
4225,0.008
4226,0.004
4227,0.002
4228,0.004
4229,0.015
4230,0.007
4231,0
4232,0
4233,0.002
4234,0.022
4235,0.063
4236,0.086
4237,0.082
4238,0.059
4239,0.039
4240,0.023
4241,0.056
4242,0.117
4243,0.181
4244,0.216
4245,0.205
4246,0.148
4247,0.08
4248,0.036
4249,0.017
4250,0.012
4251,0.015
4252,0.028
4253,0.046
4254,0.005
4255,0
4256,0
4257,0
4258,0
4259,0
4260,0
4261,0
4262,0.002
4263,0.014
4264,0.126
4265,0.674
4266,0.917
4267,0.631
4268,0.341
4269,0.137
4270,0.032
4271,0.003
4272,0
4273,0
4274,0
4275,0
4276,0.002
4277,0.014
4278,0.004
4279,0
4280,0
4281,0
4282,0.001
4283,0.005
4284,0.014
4285,0.031
4286,0.063
4287,0.154
4288,0.413
4289,1.177
4290,1.568
4291,1.289
4292,0.791
4293,0.3
4294,0.052
4295,0.002
4296,0
4297,0
4298,0
4299,0
4300,0
4301,0
4302,0
4303,0
4304,0
4305,0
4306,0
4307,0.001
4308,0.016
4309,0.034
4310,0.054
4311,0.088
4312,0.161
4313,0.413
4314,0.577
4315,0.536
4316,0.352
4317,0.146
4318,0.04
4319,0.012
4320,0.005
4321,0.002
4322,0.001
4323,0
4324,0
4325,0
4326,0
4327,0
4328,0
4329,0
4330,0
4331,0
4332,0
4333,0
4334,0.008
4335,0.082
4336,0.352
4337,1.023
4338,1.356
4339,1.149
4340,0.752
4341,0.344
4342,0.09
4343,0.009
4344,0
4345,0
4346,0.001
4347,0.008
4348,0.031
4349,0.093
4350,0.158
4351,0.1
4352,0.035
4353,0.014
4354,0.005
4355,0.001
4356,0
4357,0
4358,0
4359,0
4360,0.004
4361,0.087
4362,0.187
4363,0.179
4364,0.082
4365,0.019
4366,0.004
4367,0.003
4368,0.007
4369,0.015
4370,0.019
4371,0.014
4372,0.008
4373,0.006
4374,0.002
4375,0
4376,0
4377,0
4378,0
4379,0
4380,0.002
4381,0.01
4382,0.037
4383,0.135
4384,0.378
4385,1.077
4386,1.401
4387,1.157
4388,0.767
4389,0.417
4390,0.152
4391,0.047
4392,0.015
4393,0.004
4394,0.001
4395,0
4396,0
4397,0
4398,0
4399,0.013
4400,0.037
4401,0.042
4402,0.033
4403,0.031
4404,0.038
4405,0.062
4406,0.169
4407,0.459
4408,0.928
4409,1.874
4410,2.245
4411,1.787
4412,1.149
4413,0.578
4414,0.272
4415,0.136
4416,0.079
4417,0.071
4418,0.08
4419,0.078
4420,0.045
4421,0.013
4422,0.001
4423,0.001
4424,0.011
4425,0.031
4426,0.027
4427,0.014
4428,0.009
4429,0.014
4430,0.05
4431,0.21
4432,0.639
4433,1.845
4434,2.72
4435,2.614
4436,1.857
4437,0.943
4438,0.425
4439,0.126
4440,0.027
4441,0.019
4442,0.042
4443,0.077
4444,0.085
4445,0.085
4446,0.003
4447,0
4448,0.017
4449,0.031
4450,0.024
4451,0.011
4452,0.004
4453,0.004
4454,0.011
4455,0.053
4456,0.252
4457,1.016
4458,1.705
4459,1.858
4460,1.513
4461,0.894
4462,0.323
4463,0.052
4464,0.002
4465,0
4466,0
4467,0
4468,0
4469,0.006
4470,0.111
4471,0.394
4472,0.536
4473,0.55
4474,0.468
4475,0.348
4476,0.213
4477,0.111
4478,0.054
4479,0.025
4480,0.015
4481,0.048
4482,0.132
4483,0.251
4484,0.365
4485,0.392
4486,0.422
4487,0.448
4488,0.431
4489,0.479
4490,0.585
4491,0.8
4492,1.046
4493,1.562
4494,2.211
4495,2.614
4496,2.638
4497,2.323
4498,1.837
4499,1.406
4500,1.106
4501,0.889
4502,0.755
4503,0.678
4504,0.509
4505,0.764
4506,1.152
4507,1.327
4508,1.195
4509,0.941
4510,0.611
4511,0.352
4512,0.19
4513,0.112
4514,0.078
4515,0.103
4516,0.172
4517,0.347
4518,0.626
4519,0.489
4520,0.124
4521,0.008
4522,0.011
4523,0.082
4524,0.207
4525,0.314
4526,0.394
4527,0.413
4528,0.286
4529,0.463
4530,0.636
4531,0.69
4532,0.555
4533,0.337
4534,0.133
4535,0.025
4536,0.001
4537,0
4538,0.004
4539,0.023
4540,0.066
4541,0.117
4542,0.182
4543,0.095
4544,0.02
4545,0.018
4546,0.05
4547,0.136
4548,0.25
4549,0.358
4550,0.459
4551,0.525
4552,0.434
4553,0.578
4554,0.639
4555,0.534
4556,0.313
4557,0.136
4558,0.063
4559,0.047
4560,0.073
4561,0.115
4562,0.097
4563,0.091
4564,0.149
4565,0.396
4566,0.939
4567,1.451
4568,1.443
4569,1.22
4570,0.976
4571,0.852
4572,0.823
4573,0.826
4574,0.761
4575,0.492
4576,0.19
4577,0.122
4578,0.091
4579,0.065
4580,0.027
4581,0.021
4582,0.021
4583,0.011
4584,0.011
4585,0.016
4586,0.022
4587,0.016
4588,0.015
4589,0.023
4590,0.011
4591,0.004
4592,0.002
4593,0.002
4594,0.004
4595,0.011
4596,0.02
4597,0.031
4598,0.047
4599,0.059
4600,0.051
4601,0.121
4602,0.179
4603,0.176
4604,0.122
4605,0.051
4606,0.011
4607,0.001
4608,0
4609,0
4610,0.001
4611,0.02
4612,0.112
4613,0.352
4614,0.413
4615,0.257
4616,0.079
4617,0.017
4618,0.005
4619,0.004
4620,0.003
4621,0.003
4622,0.003
4623,0.004
4624,0.002
4625,0.002
4626,0.005
4627,0.01
4628,0.021
4629,0.034
4630,0.022
4631,0.009
4632,0.006
4633,0.006
4634,0.004
4635,0.003
4636,0.002
4637,0.002
4638,0
4639,0
4640,0
4641,0
4642,0
4643,0
4644,0
4645,0
4646,0
4647,0
4648,0.001
4649,0.075
4650,0.379
4651,0.647
4652,0.707
4653,0.548
4654,0.313
4655,0.182
4656,0.09
4657,0.031
4658,0.008
4659,0.002
4660,0
4661,0
4662,0
4663,0.001
4664,0.017
4665,0.054
4666,0.08
4667,0.095
4668,0.15
4669,0.262
4670,0.368
4671,0.426
4672,0.353
4673,0.497
4674,0.68
4675,0.764
4676,0.662
4677,0.431
4678,0.192
4679,0.054
4680,0.017
4681,0.038
4682,0.301
4683,0.915
4684,1.403
4685,1.789
4686,1.952
4687,0.993
4688,0.112
4689,0
4690,0
4691,0.008
4692,0.027
4693,0.038
4694,0.031
4695,0.023
4696,0.015
4697,0.022
4698,0.012
4699,0.002
4700,0
4701,0.001
4702,0.003
4703,0.003
4704,0
4705,0
4706,0
4707,0
4708,0
4709,0
4710,0
4711,0
4712,0
4713,0.001
4714,0.001
4715,0.001
4716,0.006
4717,0.026
4718,0.056
4719,0.083
4720,0.063
4721,0.088
4722,0.146
4723,0.195
4724,0.214
4725,0.203
4726,0.182
4727,0.182
4728,0.19
4729,0.181
4730,0.146
4731,0.09
4732,0.06
4733,0.051
4734,0.029
4735,0.013
4736,0.005
4737,0.004
4738,0.002
4739,0
4740,0
4741,0
4742,0.001
4743,0.007
4744,0.046
4745,0.336
4746,0.639
4747,0.614
4748,0.414
4749,0.212
4750,0.08
4751,0.021
4752,0.004
4753,0.001
4754,0.001
4755,0.005
4756,0.024
4757,0.098
4758,0.155
4759,0.194
4760,0.242
4761,0.36
4762,0.559
4763,0.719
4764,0.739
4765,0.628
4766,0.456
4767,0.311
4768,0.158
4769,0.128
4770,0.086
4771,0.036
4772,0.012
4773,0.005
4774,0.003
4775,0.001
4776,0
4777,0
4778,0
4779,0
4780,0
4781,0
4782,0
4783,0
4784,0.002
4785,0.126
4786,0.386
4787,0.486
4788,0.435
4789,0.316
4790,0.212
4791,0.121
4792,0.046
4793,0.044
4794,0.035
4795,0.024
4796,0.014
4797,0.004
4798,0.001
4799,0
4800,0.003
4801,0.031
4802,0.108
4803,0.196
4804,0.28
4805,0.412
4806,0.615
4807,0.8
4808,0.345
4809,0.036
4810,0.001
4811,0
4812,0
4813,0.014
4814,0.085
4815,0.062
4816,0.025
4817,0.165
4818,0.443
4819,0.621
4820,0.801
4821,0.928
4822,0.778
4823,0.485
4824,0.257
4825,0.129
4826,0.079
4827,0.066
4828,0.06
4829,0.087
4830,0.124
4831,0.113
4832,0.063
4833,0.042
4834,0.056
4835,0.095
4836,0.124
4837,0.133
4838,0.143
4839,0.148
4840,0.131
4841,0.246
4842,0.342
4843,0.409
4844,0.524
4845,0.615
4846,0.568
4847,0.407
4848,0.232
4849,0.119
4850,0.053
4851,0.034
4852,0.04
4853,0.08
4854,0.141
4855,0.164
4856,0.108
4857,0.045
4858,0.015
4859,0.02
4860,0.052
4861,0.094
4862,0.103
4863,0.079
4864,0.046
4865,0.09
4866,0.164
4867,0.239
4868,0.283
4869,0.278
4870,0.225
4871,0.144
4872,0.083
4873,0.063
4874,0.075
4875,0.108
4876,0.165
4877,0.276
4878,0.402
4879,0.284
4880,0.121
4881,0.061
4882,0.06
4883,0.095
4884,0.125
4885,0.136
4886,0.163
4887,0.192
4888,0.16
4889,0.224
4890,0.293
4891,0.304
4892,0.32
4893,0.37
4894,0.474
4895,0.594
4896,0.624
4897,0.589
4898,0.587
4899,0.541
4900,0.353
4901,0.289
4902,0.461
4903,0.68
4904,0.595
4905,0.306
4906,0.083
4907,0.04
4908,0.086
4909,0.142
4910,0.178
4911,0.178
4912,0.101
4913,0.103
4914,0.087
4915,0.056
4916,0.023
4917,0.004
4918,0.001
4919,0.002
4920,0.007
4921,0.014
4922,0.022
4923,0.045
4924,0.108
4925,0.241
4926,0.252
4927,0.365
4928,0.244
4929,0.104
4930,0.063
4931,0.057
4932,0.065
4933,0.086
4934,0.097
4935,0.102
4936,0.1
4937,0.222
4938,0.417
4939,0.633
4940,0.773
4941,0.791
4942,0.68
4943,0.562
4944,0.499
4945,0.496
4946,0.551
4947,0.625
4948,0.635
4949,0.71
4950,1.131
4951,1.525
4952,1.204
4953,0.716
4954,0.337
4955,0.162
4956,0.124
4957,0.124
4958,0.129
4959,0.131
4960,0.112
4961,0.183
4962,0.279
4963,0.409
4964,0.54
4965,0.467
4966,0.322
4967,0.294
4968,0.291
4969,0.252
4970,0.15
4971,0.064
4972,0.034
4973,0.029
4974,0.033
4975,0.029
4976,0.013
4977,0.005
4978,0.001
4979,0
4980,0.003
4981,0.023
4982,0.039
4983,0.031
4984,0.018
4985,0.022
4986,0.016
4987,0.006
4988,0.001
4989,0
4990,0
4991,0
4992,0
4993,0.001
4994,0.009
4995,0.031
4996,0.047
4997,0.057
4998,0.053
4999,0.029
5000,0.004
5001,0
5002,0
5003,0
5004,0.003
5005,0.026
5006,0.066
5007,0.079
5008,0.086
5009,0.18
5010,0.284
5011,0.351
5012,0.373
5013,0.38
5014,0.352
5015,0.265
5016,0.17
5017,0.091
5018,0.042
5019,0.021
5020,0.015
5021,0.018
5022,0.007
5023,0.003
5024,0.008
5025,0.036
5026,0.093
5027,0.137
5028,0.169
5029,0.19
5030,0.217
5031,0.246
5032,0.274
5033,0.493
5034,0.621
5035,0.634
5036,0.621
5037,0.629
5038,0.621
5039,0.578
5040,0.497
5041,0.393
5042,0.299
5043,0.206
5044,0.127
5045,0.081
5046,0.052
5047,0.078
5048,0.071
5049,0.033
5050,0.014
5051,0.005
5052,0.002
5053,0.001
5054,0.001
5055,0.001
5056,0.002
5057,0.012
5058,0.05
5059,0.129
5060,0.22
5061,0.265
5062,0.265
5063,0.263
5064,0.233
5065,0.134
5066,0.047
5067,0.014
5068,0.007
5069,0.01
5070,0.007
5071,0.007
5072,0.022
5073,0.082
5074,0.177
5075,0.32
5076,0.52
5077,0.753
5078,1.012
5079,1.1
5080,0.751
5081,0.698
5082,0.579
5083,0.419
5084,0.329
5085,0.266
5086,0.229
5087,0.182
5088,0.103
5089,0.03
5090,0.017
5091,0.039
5092,0.148
5093,0.413
5094,0.481
5095,0.373
5096,0.106
5097,0.006
5098,0
5099,0.001
5100,0.015
5101,0.053
5102,0.093
5103,0.102
5104,0.085
5105,0.152
5106,0.218
5107,0.269
5108,0.257
5109,0.191
5110,0.102
5111,0.033
5112,0.006
5113,0.002
5114,0.022
5115,0.2
5116,0.451
5117,0.633
5118,0.894
5119,0.848
5120,0.544
5121,0.215
5122,0.056
5123,0.007
5124,0
5125,0
5126,0
5127,0
5128,0
5129,0
5130,0
5131,0
5132,0
5133,0
5134,0
5135,0
5136,0.002
5137,0.007
5138,0.015
5139,0.02
5140,0.024
5141,0.031
5142,0.042
5143,0.037
5144,0.019
5145,0.009
5146,0.003
5147,0.002
5148,0.005
5149,0.015
5150,0.023
5151,0.027
5152,0.026
5153,0.056
5154,0.088
5155,0.096
5156,0.072
5157,0.048
5158,0.04
5159,0.038
5160,0.032
5161,0.02
5162,0.008
5163,0.003
5164,0.001
5165,0.003
5166,0.014
5167,0.022
5168,0.014
5169,0.002
5170,0.001
5171,0
5172,0
5173,0
5174,0
5175,0
5176,0.002
5177,0.008
5178,0.019
5179,0.055
5180,0.177
5181,0.326
5182,0.15
5183,0.01
5184,0.001
5185,0
5186,0.001
5187,0.001
5188,0.004
5189,0.036
5190,0.114
5191,0.148
5192,0.084
5193,0.049
5194,0.023
5195,0.011
5196,0.011
5197,0.019
5198,0.031
5199,0.033
5200,0.036
5201,0.08
5202,0.227
5203,0.482
5204,0.399
5205,0.174
5206,0.091
5207,0.075
5208,0.091
5209,0.128
5210,0.175
5211,0.196
5212,0.183
5213,0.239
5214,0.327
5215,0.386
5216,0.355
5217,0.227
5218,0.108
5219,0.044
5220,0.036
5221,0.077
5222,0.15
5223,0.244
5224,0.314
5225,0.553
5226,0.619
5227,0.508
5228,0.35
5229,0.239
5230,0.238
5231,0.296
5232,0.366
5233,0.437
5234,0.489
5235,0.499
5236,0.457
5237,0.442
5238,0.541
5239,0.54
5240,0.403
5241,0.223
5242,0.087
5243,0.039
5244,0.033
5245,0.053
5246,0.072
5247,0.031
5248,0.011
5249,0.019
5250,0.049
5251,0.089
5252,0.142
5253,0.197
5254,0.245
5255,0.276
5256,0.391
5257,0.51
5258,0.582
5259,0.705
5260,0.7
5261,0.686
5262,0.622
5263,0.667
5264,0.718
5265,0.585
5266,0.326
5267,0.089
5268,0.009
5269,0
5270,0
5271,0
5272,0
5273,0
5274,0
5275,0
5276,0
5277,0
5278,0
5279,0
5280,0
5281,0
5282,0
5283,0
5284,0
5285,0.001
5286,0.006
5287,0.015
5288,0.018
5289,0.019
5290,0.022
5291,0.028
5292,0.04
5293,0.05
5294,0.063
5295,0.077
5296,0.081
5297,0.145
5298,0.207
5299,0.293
5300,0.45
5301,0.635
5302,0.644
5303,0.413
5304,0.246
5305,0.224
5306,0.241
5307,0.226
5308,0.229
5309,0.339
5310,0.472
5311,0.358
5312,0.154
5313,0.045
5314,0.007
5315,0.001
5316,0
5317,0
5318,0.001
5319,0.001
5320,0.002
5321,0.008
5322,0.016
5323,0.031
5324,0.055
5325,0.091
5326,0.101
5327,0.084
5328,0.075
5329,0.074
5330,0.074
5331,0.082
5332,0.111
5333,0.236
5334,0.39
5335,0.278
5336,0.122
5337,0.031
5338,0.004
5339,0
5340,0
5341,0
5342,0.001
5343,0.002
5344,0.006
5345,0.033
5346,0.078
5347,0.086
5348,0.067
5349,0.077
5350,0.157
5351,0.211
5352,0.191
5353,0.245
5354,0.34
5355,0.45
5356,0.581
5357,0.744
5358,1.124
5359,1.515
5360,1.32
5361,0.838
5362,0.375
5363,0.127
5364,0.046
5365,0.02
5366,0.011
5367,0.01
5368,0.013
5369,0.042
5370,0.098
5371,0.152
5372,0.192
5373,0.248
5374,0.346
5375,0.46
5376,0.508
5377,0.465
5378,0.367
5379,0.276
5380,0.155
5381,0.068
5382,0.048
5383,0.05
5384,0.055
5385,0.034
5386,0.02
5387,0.022
5388,0.072
5389,0.246
5390,0.56
5391,0.878
5392,0.961
5393,0.827
5394,0.568
5395,0.323
5396,0.19
5397,0.109
5398,0.087
5399,0.102
5400,0.134
5401,0.229
5402,0.395
5403,0.503
5404,0.421
5405,0.294
5406,0.186
5407,0.158
5408,0.175
5409,0.192
5410,0.179
5411,0.169
5412,0.17
5413,0.186
5414,0.202
5415,0.194
5416,0.185
5417,0.43
5418,0.769
5419,1.048
5420,1.197
5421,1.215
5422,1.077
5423,0.838
5424,0.564
5425,0.33
5426,0.167
5427,0.073
5428,0.028
5429,0.02
5430,0.01
5431,0.003
5432,0
5433,0
5434,0
5435,0
5436,0
5437,0
5438,0
5439,0.008
5440,0.042
5441,0.208
5442,0.393
5443,0.425
5444,0.342
5445,0.3
5446,0.218
5447,0.09
5448,0.02
5449,0
5450,0
5451,0.001
5452,0.004
5453,0.014
5454,0.039
5455,0.11
5456,0.135
5457,0.093
5458,0.023
5459,0.002
5460,0
5461,0
5462,0
5463,0.003
5464,0.049
5465,0.321
5466,0.58
5467,0.611
5468,0.528
5469,0.415
5470,0.307
5471,0.241
5472,0.202
5473,0.16
5474,0.113
5475,0.067
5476,0.033
5477,0.022
5478,0.006
5479,0.001
5480,0.001
5481,0.001
5482,0.002
5483,0.004
5484,0.006
5485,0.012
5486,0.023
5487,0.044
5488,0.062
5489,0.169
5490,0.28
5491,0.333
5492,0.319
5493,0.264
5494,0.212
5495,0.172
5496,0.132
5497,0.085
5498,0.046
5499,0.027
5500,0.022
5501,0.054
5502,0.074
5503,0.006
5504,0
5505,0
5506,0
5507,0
5508,0
5509,0
5510,0
5511,0.001
5512,0.005
5513,0.033
5514,0.094
5515,0.17
5516,0.217
5517,0.194
5518,0.134
5519,0.088
5520,0.065
5521,0.058
5522,0.065
5523,0.091
5524,0.124
5525,0.161
5526,0.073
5527,0.009
5528,0.001
5529,0
5530,0
5531,0
5532,0
5533,0
5534,0
5535,0
5536,0.021
5537,0.243
5538,0.486
5539,0.488
5540,0.305
5541,0.107
5542,0.012
5543,0
5544,0
5545,0
5546,0.001
5547,0.008
5548,0.031
5549,0.077
5550,0.062
5551,0.046
5552,0.022
5553,0.005
5554,0
5555,0
5556,0
5557,0
5558,0
5559,0.003
5560,0.027
5561,0.287
5562,0.584
5563,0.657
5564,0.512
5565,0.264
5566,0.079
5567,0.013
5568,0.002
5569,0.001
5570,0.001
5571,0.003
5572,0.007
5573,0.009
5574,0.001
5575,0
5576,0
5577,0
5578,0.001
5579,0.005
5580,0.008
5581,0.019
5582,0.042
5583,0.096
5584,0.23
5585,0.617
5586,0.866
5587,0.874
5588,0.762
5589,0.591
5590,0.43
5591,0.254
5592,0.108
5593,0.044
5594,0.019
5595,0.021
5596,0.034
5597,0.036
5598,0.02
5599,0.001
5600,0
5601,0
5602,0.002
5603,0.009
5604,0.025
5605,0.048
5606,0.079
5607,0.119
5608,0.11
5609,0.16
5610,0.143
5611,0.09
5612,0.045
5613,0.028
5614,0.034
5615,0.05
5616,0.083
5617,0.135
5618,0.189
5619,0.264
5620,0.391
5621,0.738
5622,1.86
5623,1.605
5624,1.021
5625,0.624
5626,0.38
5627,0.251
5628,0.195
5629,0.199
5630,0.26
5631,0.371
5632,0.418
5633,0.817
5634,1.268
5635,1.574
5636,1.715
5637,1.797
5638,1.722
5639,1.602
5640,1.546
5641,1.402
5642,1.22
5643,1.017
5644,0.745
5645,0.847
5646,1.209
5647,1.003
5648,0.54
5649,0.17
5650,0.022
5651,0.001
5652,0
5653,0.001
5654,0.003
5655,0.005
5656,0.004
5657,0.005
5658,0.005
5659,0.004
5660,0.003
5661,0.003
5662,0.006
5663,0.031
5664,0.096
5665,0.137
5666,0.115
5667,0.068
5668,0.037
5669,0.031
5670,0.023
5671,0.044
5672,0.085
5673,0.185
5674,0.286
5675,0.348
5676,0.358
5677,0.283
5678,0.249
5679,0.251
5680,0.252
5681,0.496
5682,0.693
5683,0.726
5684,0.621
5685,0.451
5686,0.326
5687,0.302
5688,0.364
5689,0.413
5690,0.366
5691,0.394
5692,0.494
5693,0.681
5694,0.854
5695,0.775
5696,0.526
5697,0.314
5698,0.133
5699,0.019
5700,0.001
5701,0
5702,0
5703,0.001
5704,0.002
5705,0.008
5706,0.011
5707,0.008
5708,0.004
5709,0.003
5710,0.002
5711,0.002
5712,0.002
5713,0.002
5714,0.001
5715,0.002
5716,0.006
5717,0.023
5718,0.061
5719,0.065
5720,0.032
5721,0.007
5722,0.001
5723,0
5724,0
5725,0
5726,0.001
5727,0.003
5728,0.008
5729,0.035
5730,0.079
5731,0.112
5732,0.126
5733,0.114
5734,0.093
5735,0.067
5736,0.053
5737,0.046
5738,0.052
5739,0.085
5740,0.132
5741,0.17
5742,0.128
5743,0.108
5744,0.053
5745,0.008
5746,0
5747,0
5748,0
5749,0.015
5750,0.052
5751,0.098
5752,0.166
5753,0.282
5754,0.265
5755,0.167
5756,0.08
5757,0.036
5758,0.016
5759,0.006
5760,0.001
5761,0
5762,0
5763,0
5764,0
5765,0
5766,0
5767,0.009
5768,0.057
5769,0.115
5770,0.113
5771,0.077
5772,0.103
5773,0.183
5774,0.244
5775,0.226
5776,0.243
5777,0.46
5778,0.595
5779,0.462
5780,0.374
5781,0.295
5782,0.152
5783,0.042
5784,0.017
5785,0.136
5786,0.575
5787,0.895
5788,0.829
5789,0.599
5790,0.455
5791,0.253
5792,0.063
5793,0.023
5794,0.018
5795,0.02
5796,0.028
5797,0.042
5798,0.061
5799,0.047
5800,0.027
5801,0.014
5802,0.008
5803,0.003
5804,0.001
5805,0
5806,0
5807,0
5808,0
5809,0.001
5810,0.002
5811,0.01
5812,0.066
5813,0.192
5814,0.246
5815,0.288
5816,0.317
5817,0.286
5818,0.276
5819,0.264
5820,0.258
5821,0.237
5822,0.186
5823,0.119
5824,0.065
5825,0.063
5826,0.04
5827,0.017
5828,0.005
5829,0.001
5830,0
5831,0
5832,0
5833,0
5834,0.001
5835,0.004
5836,0.012
5837,0.029
5838,0.021
5839,0.008
5840,0.003
5841,0.001
5842,0.001
5843,0.001
5844,0.006
5845,0.022
5846,0.04
5847,0.04
5848,0.031
5849,0.043
5850,0.036
5851,0.022
5852,0.011
5853,0.008
5854,0.01
5855,0.018
5856,0.024
5857,0.013
5858,0.002
5859,0.001
5860,0.001
5861,0.015
5862,0.062
5863,0.184
5864,0.293
5865,0.358
5866,0.352
5867,0.299
5868,0.264
5869,0.24
5870,0.252
5871,0.223
5872,0.22
5873,0.341
5874,0.46
5875,0.583
5876,0.542
5877,0.352
5878,0.168
5879,0.091
5880,0.11
5881,0.169
5882,0.217
5883,0.201
5884,0.142
5885,0.098
5886,0.152
5887,0.308
5888,0.319
5889,0.33
5890,0.389
5891,0.466
5892,0.54
5893,0.622
5894,0.695
5895,0.679
5896,0.578
5897,0.704
5898,0.847
5899,0.943
5900,0.852
5901,0.85
5902,0.801
5903,0.677
5904,0.541
5905,0.441
5906,0.342
5907,0.3
5908,0.227
5909,0.195
5910,0.186
5911,0.213
5912,0.158
5913,0.059
5914,0.013
5915,0.002
5916,0
5917,0
5918,0.001
5919,0.004
5920,0.006
5921,0.007
5922,0.005
5923,0.002
5924,0.002
5925,0.005
5926,0.02
5927,0.075
5928,0.212
5929,0.418
5930,0.49
5931,0.337
5932,0.119
5933,0.072
5934,0.089
5935,0.103
5936,0.1
5937,0.155
5938,0.255
5939,0.296
5940,0.279
5941,0.216
5942,0.167
5943,0.108
5944,0.063
5945,0.101
5946,0.141
5947,0.205
5948,0.299
5949,0.282
5950,0.229
5951,0.299
5952,0.346
5953,0.265
5954,0.172
5955,0.09
5956,0.038
5957,0.015
5958,0.022
5959,0.023
5960,0.017
5961,0.021
5962,0.02
5963,0.027
5964,0.097
5965,0.125
5966,0.113
5967,0.079
5968,0.034
5969,0.035
5970,0.037
5971,0.04
5972,0.048
5973,0.067
5974,0.098
5975,0.139
5976,0.182
5977,0.214
5978,0.208
5979,0.168
5980,0.127
5981,0.088
5982,0.048
5983,0.019
5984,0.004
5985,0.001
5986,0
5987,0
5988,0
5989,0
5990,0.001
5991,0.008
5992,0.026
5993,0.122
5994,0.214
5995,0.241
5996,0.212
5997,0.17
5998,0.136
5999,0.117
6000,0.095
6001,0.071
6002,0.047
6003,0.028
6004,0.02
6005,0.026
6006,0.027
6007,0.026
6008,0.007
6009,0
6010,0
6011,0
6012,0
6013,0.002
6014,0.005
6015,0.007
6016,0.007
6017,0.01
6018,0.013
6019,0.016
6020,0.016
6021,0.021
6022,0.02
6023,0.004
6024,0
6025,0
6026,0
6027,0
6028,0
6029,0
6030,0.001
6031,0.004
6032,0.001
6033,0
6034,0
6035,0
6036,0
6037,0
6038,0
6039,0
6040,0
6041,0
6042,0.013
6043,0.063
6044,0.131
6045,0.181
6046,0.192
6047,0.168
6048,0.153
6049,0.196
6050,0.278
6051,0.341
6052,0.337
6053,0.306
6054,0.319
6055,0.483
6056,0.447
6057,0.282
6058,0.149
6059,0.079
6060,0.046
6061,0.032
6062,0.024
6063,0.011
6064,0.002
6065,0
6066,0
6067,0
6068,0
6069,0.001
6070,0.006
6071,0.018
6072,0.042
6073,0.053
6074,0.053
6075,0.054
6076,0.062
6077,0.067
6078,0.063
6079,0.093
6080,0.074
6081,0.048
6082,0.039
6083,0.034
6084,0.031
6085,0.025
6086,0.02
6087,0.015
6088,0.014
6089,0.042
6090,0.089
6091,0.14
6092,0.175
6093,0.192
6094,0.183
6095,0.153
6096,0.09
6097,0.03
6098,0.004
6099,0
6100,0
6101,0
6102,0
6103,0
6104,0
6105,0
6106,0
6107,0
6108,0
6109,0
6110,0
6111,0
6112,0
6113,0.001
6114,0.001
6115,0.003
6116,0.008
6117,0.019
6118,0.028
6119,0.036
6120,0.064
6121,0.124
6122,0.203
6123,0.282
6124,0.355
6125,0.439
6126,0.404
6127,0.265
6128,0.166
6129,0.107
6130,0.053
6131,0.02
6132,0.008
6133,0.003
6134,0.002
6135,0.003
6136,0.007
6137,0.025
6138,0.043
6139,0.046
6140,0.036
6141,0.031
6142,0.028
6143,0.089
6144,0.207
6145,0.306
6146,0.352
6147,0.388
6148,0.484
6149,0.611
6150,0.817
6151,1.098
6152,1.036
6153,0.817
6154,0.497
6155,0.241
6156,0.119
6157,0.079
6158,0.075
6159,0.075
6160,0.099
6161,0.252
6162,0.356
6163,0.327
6164,0.244
6165,0.195
6166,0.182
6167,0.141
6168,0.083
6169,0.037
6170,0.016
6171,0.009
6172,0.01
6173,0.016
6174,0.048
6175,0.084
6176,0.09
6177,0.09
6178,0.074
6179,0.068
6180,0.101
6181,0.16
6182,0.249
6183,0.345
6184,0.466
6185,0.702
6186,0.73
6187,0.591
6188,0.409
6189,0.171
6190,0.02
6191,0.003
6192,0.002
6193,0.003
6194,0.015
6195,0.031
6196,0.046
6197,0.082
6198,0.079
6199,0.064
6200,0.049
6201,0.039
6202,0.007
6203,0.001
6204,0.001
6205,0.02
6206,0.051
6207,0.127
6208,0.255
6209,0.505
6210,0.595
6211,0.557
6212,0.493
6213,0.476
6214,0.472
6215,0.482
6216,0.551
6217,0.684
6218,0.654
6219,0.581
6220,0.578
6221,0.608
6222,0.737
6223,0.729
6224,0.443
6225,0.136
6226,0.016
6227,0.001
6228,0
6229,0.014
6230,0.121
6231,0.485
6232,1.156
6233,1.601
6234,1.341
6235,0.764
6236,0.344
6237,0.132
6238,0.056
6239,0.032
6240,0.021
6241,0.014
6242,0.011
6243,0.006
6244,0.003
6245,0.002
6246,0.002
6247,0
6248,0
6249,0
6250,0
6251,0
6252,0
6253,0.003
6254,0.053
6255,0.193
6256,0.613
6257,1.222
6258,1.125
6259,0.682
6260,0.379
6261,0.224
6262,0.162
6263,0.151
6264,0.148
6265,0.145
6266,0.123
6267,0.091
6268,0.061
6269,0.074
6270,0.068
6271,0.008
6272,0.001
6273,0
6274,0
6275,0
6276,0
6277,0
6278,0.031
6279,0.135
6280,0.386
6281,0.875
6282,0.888
6283,0.633
6284,0.413
6285,0.299
6286,0.2
6287,0.129
6288,0.096
6289,0.069
6290,0.054
6291,0.046
6292,0.042
6293,0.068
6294,0.093
6295,0.04
6296,0.005
6297,0
6298,0
6299,0.022
6300,0.172
6301,0.409
6302,0.603
6303,0.679
6304,0.64
6305,0.65
6306,0.588
6307,0.53
6308,0.483
6309,0.414
6310,0.288
6311,0.178
6312,0.115
6313,0.151
6314,0.249
6315,0.091
6316,0.017
6317,0.007
6318,0
6319,0
6320,0.005
6321,0.026
6322,0.045
6323,0.061
6324,0.113
6325,0.231
6326,0.305
6327,0.27
6328,0.153
6329,0.167
6330,0.173
6331,0.174
6332,0.18
6333,0.186
6334,0.183
6335,0.155
6336,0.106
6337,0.059
6338,0.038
6339,0.017
6340,0.003
6341,0
6342,0
6343,0
6344,0
6345,0
6346,0
6347,0
6348,0
6349,0.005
6350,0.043
6351,0.141
6352,0.331
6353,0.681
6354,0.769
6355,0.549
6356,0.281
6357,0.121
6358,0.052
6359,0.028
6360,0.016
6361,0.009
6362,0.005
6363,0.002
6364,0.001
6365,0.001
6366,0.016
6367,0.067
6368,0.101
6369,0.138
6370,0.176
6371,0.264
6372,0.426
6373,0.505
6374,0.442
6375,0.271
6376,0.148
6377,0.12
6378,0.161
6379,0.232
6380,0.255
6381,0.178
6382,0.05
6383,0.019
6384,0.011
6385,0.012
6386,0.011
6387,0.011
6388,0.016
6389,0.032
6390,0.033
6391,0.004
6392,0
6393,0
6394,0.006
6395,0.046
6396,0.091
6397,0.108
6398,0.094
6399,0.094
6400,0.181
6401,0.467
6402,0.534
6403,0.369
6404,0.204
6405,0.084
6406,0.027
6407,0.007
6408,0.001
6409,0
6410,0
6411,0
6412,0
6413,0
6414,0.008
6415,0.066
6416,0.086
6417,0.037
6418,0.005
6419,0
6420,0
6421,0
6422,0.001
6423,0.017
6424,0.058
6425,0.156
6426,0.187
6427,0.156
6428,0.129
6429,0.083
6430,0.033
6431,0.007
6432,0.002
6433,0.001
6434,0.001
6435,0.002
6436,0.003
6437,0.002
6438,0
6439,0
6440,0
6441,0
6442,0
6443,0.001
6444,0.016
6445,0.135
6446,0.352
6447,0.565
6448,0.659
6449,0.763
6450,0.523
6451,0.238
6452,0.09
6453,0.042
6454,0.03
6455,0.026
6456,0.017
6457,0.01
6458,0.005
6459,0.002
6460,0
6461,0
6462,0
6463,0
6464,0
6465,0
6466,0
6467,0.001
6468,0.008
6469,0.146
6470,0.413
6471,0.738
6472,0.886
6473,0.796
6474,0.476
6475,0.184
6476,0.056
6477,0.028
6478,0.027
6479,0.03
6480,0.025
6481,0.015
6482,0.009
6483,0.006
6484,0.007
6485,0.015
6486,0.033
6487,0.066
6488,0.095
6489,0.099
6490,0.072
6491,0.031
6492,0.01
6493,0.002
6494,0.001
6495,0.007
6496,0.028
6497,0.072
6498,0.047
6499,0.087
6500,0.12
6501,0.108
6502,0.054
6503,0.019
6504,0.008
6505,0.004
6506,0.003
6507,0.003
6508,0.004
6509,0.011
6510,0.018
6511,0.011
6512,0.006
6513,0.005
6514,0.005
6515,0.009
6516,0.016
6517,0.034
6518,0.064
6519,0.104
6520,0.205
6521,0.491
6522,0.493
6523,0.34
6524,0.239
6525,0.194
6526,0.162
6527,0.118
6528,0.05
6529,0.015
6530,0.004
6531,0.002
6532,0.001
6533,0.001
6534,0.002
6535,0.007
6536,0.01
6537,0.013
6538,0.024
6539,0.045
6540,0.07
6541,0.098
6542,0.14
6543,0.258
6544,0.654
6545,1.384
6546,1.393
6547,1.012
6548,0.699
6549,0.507
6550,0.296
6551,0.132
6552,0.152
6553,0.205
6554,0.229
6555,0.255
6556,0.272
6557,0.338
6558,0.41
6559,0.281
6560,0.133
6561,0.049
6562,0.008
6563,0
6564,0
6565,0
6566,0.013
6567,0.128
6568,0.411
6569,0.827
6570,0.871
6571,0.647
6572,0.407
6573,0.232
6574,0.172
6575,0.127
6576,0.096
6577,0.078
6578,0.077
6579,0.098
6580,0.113
6581,0.133
6582,0.163
6583,0.06
6584,0.011
6585,0.003
6586,0.001
6587,0
6588,0
6589,0.003
6590,0.022
6591,0.079
6592,0.203
6593,0.352
6594,0.281
6595,0.125
6596,0.062
6597,0.037
6598,0.057
6599,0.133
6600,0.284
6601,0.454
6602,0.549
6603,0.681
6604,0.84
6605,0.928
6606,1.203
6607,1.431
6608,1.271
6609,0.976
6610,0.764
6611,0.678
6612,0.689
6613,0.782
6614,0.866
6615,0.809
6616,0.54
6617,0.413
6618,0.29
6619,0.2
6620,0.13
6621,0.092
6622,0.061
6623,0.036
6624,0.02
6625,0.011
6626,0.006
6627,0.006
6628,0.01
6629,0.017
6630,0.028
6631,0.014
6632,0.002
6633,0
6634,0
6635,0.026
6636,0.198
6637,0.573
6638,0.975
6639,1.11
6640,0.72
6641,0.421
6642,0.25
6643,0.132
6644,0.083
6645,0.089
6646,0.109
6647,0.079
6648,0.02
6649,0.012
6650,0.02
6651,0.03
6652,0.056
6653,0.186
6654,0.495
6655,0.893
6656,1.095
6657,1.104
6658,0.99
6659,0.69
6660,0.377
6661,0.17
6662,0.078
6663,0.049
6664,0.034
6665,0.047
6666,0.046
6667,0.024
6668,0.011
6669,0.028
6670,0.144
6671,0.274
6672,0.295
6673,0.271
6674,0.224
6675,0.14
6676,0.055
6677,0.03
6678,0.035
6679,0.018
6680,0.001
6681,0.001
6682,0.004
6683,0.016
6684,0.06
6685,0.129
6686,0.169
6687,0.135
6688,0.081
6689,0.08
6690,0.055
6691,0.03
6692,0.014
6693,0.008
6694,0.008
6695,0.006
6696,0.004
6697,0.001
6698,0
6699,0
6700,0
6701,0
6702,0.006
6703,0.03
6704,0.064
6705,0.079
6706,0.081
6707,0.073
6708,0.045
6709,0.021
6710,0.013
6711,0.022
6712,0.13
6713,0.585
6714,0.902
6715,0.94
6716,0.773
6717,0.496
6718,0.242
6719,0.094
6720,0.035
6721,0.014
6722,0.01
6723,0.014
6724,0.021
6725,0.039
6726,0.034
6727,0.005
6728,0
6729,0
6730,0
6731,0.001
6732,0.018
6733,0.124
6734,0.282
6735,0.371
6736,0.379
6737,0.462
6738,0.419
6739,0.32
6740,0.227
6741,0.141
6742,0.054
6743,0.008
6744,0.001
6745,0
6746,0
6747,0
6748,0
6749,0
6750,0.001
6751,0.012
6752,0.035
6753,0.074
6754,0.111
6755,0.264
6756,0.486
6757,0.54
6758,0.498
6759,0.413
6760,0.228
6761,0.162
6762,0.094
6763,0.038
6764,0.005
6765,0
6766,0.001
6767,0.008
6768,0.013
6769,0.014
6770,0.017
6771,0.035
6772,0.077
6773,0.145
6774,0.436
6775,0.881
6776,0.786
6777,0.604
6778,0.488
6779,0.45
6780,0.448
6781,0.445
6782,0.408
6783,0.332
6784,0.343
6785,0.471
6786,0.334
6787,0.087
6788,0.001
6789,0.002
6790,0.05
6791,0.17
6792,0.265
6793,0.286
6794,0.264
6795,0.211
6796,0.148
6797,0.108
6798,0.22
6799,0.467
6800,0.432
6801,0.336
6802,0.251
6803,0.201
6804,0.18
6805,0.152
6806,0.123
6807,0.08
6808,0.046
6809,0.046
6810,0.027
6811,0.016
6812,0.017
6813,0.034
6814,0.069
6815,0.083
6816,0.092
6817,0.115
6818,0.108
6819,0.054
6820,0.019
6821,0.006
6822,0.001
6823,0.003
6824,0.01
6825,0.016
6826,0.042
6827,0.127
6828,0.263
6829,0.366
6830,0.413
6831,0.373
6832,0.319
6833,0.352
6834,0.276
6835,0.198
6836,0.175
6837,0.137
6838,0.084
6839,0.051
6840,0.033
6841,0.015
6842,0.002
6843,0
6844,0
6845,0
6846,0
6847,0.001
6848,0
6849,0
6850,0
6851,0
6852,0.005
6853,0.033
6854,0.035
6855,0.019
6856,0.005
6857,0.002
6858,0.002
6859,0.012
6860,0.047
6861,0.073
6862,0.062
6863,0.027
6864,0.005
6865,0.001
6866,0
6867,0
6868,0.002
6869,0.009
6870,0.041
6871,0.089
6872,0.09
6873,0.026
6874,0.001
6875,0
6876,0
6877,0.007
6878,0.044
6879,0.088
6880,0.169
6881,0.368
6882,0.513
6883,0.578
6884,0.578
6885,0.546
6886,0.428
6887,0.271
6888,0.238
6889,0.265
6890,0.29
6891,0.272
6892,0.211
6893,0.224
6894,0.354
6895,0.465
6896,0.42
6897,0.242
6898,0.217
6899,0.451
6900,0.972
6901,1.2
6902,0.656
6903,0.402
6904,0.377
6905,0.282
6906,0.094
6907,0.12
6908,0.268
6909,0.453
6910,0.465
6911,0.252
6912,0.078
6913,0.026
6914,0.017
6915,0.017
6916,0.014
6917,0.011
6918,0.008
6919,0.173
6920,0.496
6921,0.594
6922,0.491
6923,0.379
6924,0.323
6925,0.352
6926,0.48
6927,0.68
6928,0.638
6929,0.736
6930,0.762
6931,0.682
6932,0.59
6933,0.432
6934,0.257
6935,0.191
6936,0.163
6937,0.134
6938,0.094
6939,0.063
6940,0.045
6941,0.046
6942,0.059
6943,0.09
6944,0.077
6945,0.031
6946,0.008
6947,0.002
6948,0
6949,0.001
6950,0.004
6951,0.024
6952,0.079
6953,0.233
6954,0.501
6955,0.797
6956,0.961
6957,0.93
6958,0.83
6959,0.673
6960,0.533
6961,0.35
6962,0.367
6963,0.474
6964,0.482
6965,0.469
6966,0.745
6967,1.448
6968,1.567
6969,1.272
6970,0.915
6971,0.607
6972,0.412
6973,0.267
6974,0.169
6975,0.108
6976,0.094
6977,0.141
6978,0.148
6979,0.096
6980,0.046
6981,0.022
6982,0.008
6983,0.002
6984,0
6985,0
6986,0
6987,0
6988,0.013
6989,0.113
6990,0.332
6991,0.57
6992,0.591
6993,0.648
6994,0.666
6995,0.536
6996,0.619
6997,1.311
6998,1.97
6999,1.569
7000,0.741
7001,0.452
7002,0.254
7003,0.124
7004,0.073
7005,0.045
7006,0.025
7007,0.008
7008,0
7009,0
7010,0.001
7011,0.001
7012,0.004
7013,0.046
7014,0.106
7015,0.106
7016,0.124
7017,0.124
7018,0.129
7019,0.163
7020,0.197
7021,0.202
7022,0.142
7023,0.055
7024,0.014
7025,0.009
7026,0.014
7027,0.053
7028,0.112
7029,0.042
7030,0
7031,0
7032,0
7033,0.004
7034,0.034
7035,0.107
7036,0.192
7037,0.261
7038,0.261
7039,0.115
7040,0.035
7041,0.008
7042,0.002
7043,0.002
7044,0.002
7045,0.001
7046,0
7047,0
7048,0
7049,0
7050,0
7051,0.001
7052,0.004
7053,0.002
7054,0
7055,0.003
7056,0.014
7057,0.023
7058,0.025
7059,0.053
7060,0.124
7061,0.148
7062,0.126
7063,0.14
7064,0.154
7065,0.147
7066,0.152
7067,0.164
7068,0.147
7069,0.114
7070,0.076
7071,0.053
7072,0.061
7073,0.108
7074,0.13
7075,0.125
7076,0.075
7077,0.028
7078,0.005
7079,0
7080,0
7081,0
7082,0
7083,0.001
7084,0.002
7085,0.004
7086,0.032
7087,0.211
7088,0.245
7089,0.129
7090,0.042
7091,0.009
7092,0.002
7093,0.004
7094,0.005
7095,0.006
7096,0.005
7097,0.007
7098,0.002
7099,0
7100,0
7101,0.012
7102,0.047
7103,0.007
7104,0
7105,0.001
7106,0.011
7107,0.062
7108,0.138
7109,0.191
7110,0.554
7111,0.929
7112,0.744
7113,0.351
7114,0.149
7115,0.136
7116,0.214
7117,0.331
7118,0.413
7119,0.377
7120,0.237
7121,0.166
7122,0.124
7123,0.133
7124,0.167
7125,0.175
7126,0.14
7127,0.061
7128,0.022
7129,0.019
7130,0.006
7131,0
7132,0
7133,0.001
7134,0.011
7135,0.042
7136,0.033
7137,0.021
7138,0.011
7139,0.005
7140,0.003
7141,0.002
7142,0.001
7143,0.001
7144,0.001
7145,0.004
7146,0.006
7147,0.002
7148,0
7149,0
7150,0
7151,0.001
7152,0.004
7153,0.011
7154,0.018
7155,0.032
7156,0.063
7157,0.11
7158,0.373
7159,0.83
7160,0.764
7161,0.47
7162,0.215
7163,0.076
7164,0.029
7165,0.018
7166,0.015
7167,0.014
7168,0.022
7169,0.078
7170,0.084
7171,0.024
7172,0.001
7173,0
7174,0.001
7175,0.041
7176,0.212
7177,0.512
7178,0.826
7179,1.083
7180,1.33
7181,1.509
7182,1.917
7183,3.498
7184,3.252
7185,2.514
7186,1.779
7187,1.184
7188,0.789
7189,0.54
7190,0.39
7191,0.299
7192,0.355
7193,0.622
7194,0.611
7195,0.329
7196,0.07
7197,0.003
7198,0.005
7199,0.044
7200,0.115
7201,0.124
7202,0.108
7203,0.115
7204,0.144
7205,0.173
7206,0.341
7207,0.848
7208,0.689
7209,0.397
7210,0.185
7211,0.067
7212,0.022
7213,0.011
7214,0.011
7215,0.011
7216,0.025
7217,0.087
7218,0.06
7219,0.005
7220,0
7221,0
7222,0.006
7223,0.086
7224,0.35
7225,0.66
7226,0.749
7227,0.683
7228,0.679
7229,0.759
7230,1.564
7231,2.43
7232,1.99
7233,1.406
7234,0.935
7235,0.578
7236,0.311
7237,0.156
7238,0.09
7239,0.052
7240,0.029
7241,0.022
7242,0.017
7243,0.024
7244,0.079
7245,0.196
7246,0.354
7247,0.766
7248,1.012
7249,1.177
7250,1.255
7251,1.061
7252,0.841
7253,0.666
7254,0.934
7255,1.242
7256,0.927
7257,0.579
7258,0.31
7259,0.139
7260,0.059
7261,0.013
7262,0.016
7263,0.007
7264,0.004
7265,0.004
7266,0.004
7267,0.003
7268,0.002
7269,0.001
7270,0.001
7271,0.006
7272,0.077
7273,0.235
7274,0.345
7275,0.337
7276,0.324
7277,0.352
7278,0.369
7279,0.632
7280,0.316
7281,0.124
7282,0.07
7283,0.047
7284,0.048
7285,0.075
7286,0.124
7287,0.214
7288,0.35
7289,0.506
7290,0.366
7291,0.132
7292,0.008
7293,0
7294,0.002
7295,0.041
7296,0.176
7297,0.339
7298,0.452
7299,0.48
7300,0.46
7301,0.466
7302,0.643
7303,1.526
7304,1.338
7305,0.833
7306,0.451
7307,0.221
7308,0.095
7309,0.044
7310,0.024
7311,0.019
7312,0.022
7313,0.063
7314,0.046
7315,0.025
7316,0.019
7317,0.014
7318,0.026
7319,0.053
7320,0.068
7321,0.067
7322,0.042
7323,0.024
7324,0.026
7325,0.052
7326,0.189
7327,0.363
7328,0.42
7329,0.429
7330,0.408
7331,0.38
7332,0.44
7333,0.488
7334,0.45
7335,0.298
7336,0.13
7337,0.049
7338,0.008
7339,0.001
7340,0.001
7341,0.01
7342,0.07
7343,0.118
7344,0.081
7345,0.014
7346,0
7347,0
7348,0.001
7349,0.019
7350,0.08
7351,0.124
7352,0.124
7353,0.129
7354,0.082
7355,0.027
7356,0.006
7357,0.001
7358,0.003
7359,0.006
7360,0.005
7361,0.009
7362,0.018
7363,0.02
7364,0.021
7365,0.059
7366,0.196
7367,0.42
7368,0.611
7369,0.764
7370,0.858
7371,0.874
7372,0.828
7373,0.778
7374,1.776
7375,2.806
7376,2.86
7377,2.614
7378,2.308
7379,1.964
7380,1.617
7381,1.228
7382,0.865
7383,0.508
7384,0.276
7385,0.212
7386,0.181
7387,0.193
7388,0.241
7389,0.315
7390,0.451
7391,0.532
7392,0.543
7393,0.541
7394,0.532
7395,0.487
7396,0.442
7397,0.47
7398,1.343
7399,2.263
7400,2.407
7401,2.307
7402,2.109
7403,1.857
7404,1.645
7405,1.474
7406,1.23
7407,0.927
7408,0.688
7409,0.856
7410,1.361
7411,2.163
7412,2.56
7413,2.614
7414,2.408
7415,2.143
7416,1.78
7417,1.44
7418,1.164
7419,0.969
7420,0.853
7421,0.822
7422,2.128
7423,2.965
7424,2.532
7425,2.003
7426,1.599
7427,1.228
7428,0.928
7429,0.723
7430,0.611
7431,0.39
7432,0.287
7433,0.423
7434,0.775
7435,1.365
7436,1.84
7437,2.009
7438,2.115
7439,2.276
7440,1.84
7441,1.347
7442,1.036
7443,0.646
7444,0.415
7445,0.384
7446,0.924
7447,1.352
7448,1.185
7449,0.857
7450,0.536
7451,0.361
7452,0.301
7453,0.289
7454,0.305
7455,0.342
7456,0.374
7457,0.326
7458,0.13
7459,0.013
7460,0
7461,0
7462,0.011
7463,0.087
7464,0.181
7465,0.285
7466,0.345
7467,0.319
7468,0.352
7469,0.445
7470,1.347
7471,1.878
7472,1.474
7473,1.05
7474,0.617
7475,0.312
7476,0.169
7477,0.1
7478,0.077
7479,0.059
7480,0.044
7481,0.031
7482,0.013
7483,0.014
7484,0.013
7485,0.015
7486,0.017
7487,0.021
7488,0.033
7489,0.087
7490,0.262
7491,0.49
7492,0.606
7493,0.718
7494,2.077
7495,2.564
7496,2.098
7497,1.691
7498,1.279
7499,0.928
7500,0.688
7501,0.534
7502,0.39
7503,0.25
7504,0.112
7505,0.065
7506,0.024
7507,0.014
7508,0.113
7509,0.474
7510,1.114
7511,1.478
7512,1.567
7513,1.752
7514,2.008
7515,2.144
7516,2.223
7517,2.939
7518,5.308
7519,5.552
7520,4.382
7521,3.226
7522,2.412
7523,1.717
7524,1.195
7525,0.942
7526,0.904
7527,0.861
7528,0.637
7529,0.66
7530,0.785
7531,0.931
7532,0.96
7533,1.057
7534,1.034
7535,1.01
7536,0.908
7537,0.768
7538,0.611
7539,0.486
7540,0.348
7541,0.528
7542,1.585
7543,1.911
7544,1.411
7545,0.864
7546,0.512
7547,0.304
7548,0.185
7549,0.128
7550,0.106
7551,0.081
7552,0.072
7553,0.194
7554,0.567
7555,1.13
7556,1.606
7557,1.88
7558,2.001
7559,1.949
7560,1.756
7561,1.682
7562,1.564
7563,1.347
7564,0.997
7565,0.675
7566,1.253
7567,1.622
7568,1.278
7569,0.956
7570,0.644
7571,0.37
7572,0.211
7573,0.141
7574,0.109
7575,0.08
7576,0.064
7577,0.119
7578,0.216
7579,0.369
7580,0.578
7581,0.781
7582,1.011
7583,1.079
7584,0.993
7585,0.96
7586,0.928
7587,0.822
7588,0.644
7589,0.55
7590,1.371
7591,1.34
7592,0.833
7593,0.511
7594,0.3
7595,0.175
7596,0.135
7597,0.154
7598,0.212
7599,0.241
7600,0.217
7601,0.366
7602,0.46
7603,0.51
7604,0.572
7605,0.65
7606,0.734
7607,0.65
7608,0.504
7609,0.396
7610,0.365
7611,0.374
7612,0.273
7613,0.16
7614,0.296
7615,0.413
7616,0.349
7617,0.261
7618,0.166
7619,0.083
7620,0.028
7621,0.022
7622,0.06
7623,0.115
7624,0.184
7625,0.262
7626,0.178
7627,0.064
7628,0.018
7629,0.005
7630,0.004
7631,0.01
7632,0.014
7633,0.017
7634,0.015
7635,0.012
7636,0.006
7637,0.008
7638,0.124
7639,0.212
7640,0.146
7641,0.07
7642,0.026
7643,0.01
7644,0.003
7645,0.003
7646,0.013
7647,0.015
7648,0.012
7649,0.014
7650,0.007
7651,0.002
7652,0.001
7653,0
7654,0
7655,0
7656,0
7657,0
7658,0
7659,0.003
7660,0.018
7661,0.032
7662,0.031
7663,0.029
7664,0.035
7665,0.027
7666,0.016
7667,0.003
7668,0.011
7669,0.018
7670,0.014
7671,0.079
7672,0.187
7673,0.332
7674,0.336
7675,0.238
7676,0.159
7677,0.119
7678,0.068
7679,0.02
7680,0.002
7681,0
7682,0
7683,0
7684,0
7685,0.001
7686,0.016
7687,0.088
7688,0.129
7689,0.086
7690,0.036
7691,0.003
7692,0.002
7693,0.001
7694,0
7695,0.003
7696,0.003
7697,0.002
7698,0
7699,0
7700,0
7701,0.002
7702,0.048
7703,0.263
7704,0.594
7705,0.755
7706,0.803
7707,0.837
7708,0.928
7709,1.123
7710,2.72
7711,4.635
7712,5.191
7713,5.256
7714,5.007
7715,4.587
7716,4.22
7717,3.95
7718,3.815
7719,3.438
7720,2.842
7721,3.466
7722,3.976
7723,3.91
7724,3.6
7725,2.913
7726,2.533
7727,2.059
7728,1.556
7729,1.279
7730,1.104
7731,0.928
7732,0.824
7733,0.864
7734,2.643
7735,3.856
7736,3.189
7737,2.252
7738,1.675
7739,1.433
7740,1.236
7741,1.123
7742,1.152
7743,1.177
7744,1.003
7745,0.823
7746,0.546
7747,0.244
7748,0.046
7749,0.007
7750,0.009
7751,0.061
7752,0.17
7753,0.195
7754,0.128
7755,0.137
7756,0.253
7757,0.535
7758,0.901
7759,1.059
7760,1.2
7761,1.44
7762,1.693
7763,1.785
7764,1.423
7765,0.901
7766,0.504
7767,0.242
7768,0.108
7769,0.126
7770,0.118
7771,0.066
7772,0.048
7773,0.084
7774,0.281
7775,0.541
7776,0.756
7777,0.812
7778,0.664
7779,0.532
7780,0.38
7781,0.27
7782,0.17
7783,0.143
7784,0.146
7785,0.142
7786,0.114
7787,0.045
7788,0.007
7789,0.003
7790,0.006
7791,0.008
7792,0.008
7793,0.013
7794,0.018
7795,0.031
7796,0.047
7797,0.063
7798,0.098
7799,0.172
7800,0.299
7801,0.408
7802,0.374
7803,0.307
7804,0.249
7805,0.306
7806,0.842
7807,1.539
7808,1.855
7809,1.789
7810,1.423
7811,0.987
7812,0.578
7813,0.293
7814,0.149
7815,0.085
7816,0.042
7817,0.086
7818,0.249
7819,0.505
7820,0.701
7821,0.831
7822,0.873
7823,0.778
7824,0.643
7825,0.491
7826,0.378
7827,0.318
7828,0.207
7829,0.159
7830,0.251
7831,0.194
7832,0.08
7833,0.029
7834,0.013
7835,0.009
7836,0.011
7837,0.025
7838,0.05
7839,0.077
7840,0.077
7841,0.108
7842,0.09
7843,0.057
7844,0.044
7845,0.05
7846,0.063
7847,0.05
7848,0.011
7849,0.004
7850,0.004
7851,0.008
7852,0.014
7853,0.037
7854,0.14
7855,0.231
7856,0.156
7857,0.057
7858,0.019
7859,0.038
7860,0.148
7861,0.315
7862,0.411
7863,0.367
7864,0.251
7865,0.198
7866,0.093
7867,0.031
7868,0.054
7869,0.314
7870,0.693
7871,0.678
7872,0.299
7873,0.065
7874,0.025
7875,0.023
7876,0.014
7877,0.005
7878,0.004
7879,0.008
7880,0.012
7881,0.017
7882,0.026
7883,0.04
7884,0.075
7885,0.119
7886,0.148
7887,0.154
7888,0.11
7889,0.111
7890,0.06
7891,0.018
7892,0.004
7893,0
7894,0.003
7895,0.223
7896,0.691
7897,0.78
7898,0.662
7899,0.553
7900,0.45
7901,0.441
7902,0.457
7903,0.327
7904,0.171
7905,0.068
7906,0.029
7907,0.037
7908,0.108
7909,0.281
7910,0.567
7911,0.877
7912,1.101
7913,1.141
7914,1.122
7915,1.065
7916,0.993
7917,1.177
7918,1.551
7919,1.584
7920,1.484
7921,1.284
7922,0.928
7923,0.354
7924,0.112
7925,0.185
7926,0.378
7927,0.578
7928,0.679
7929,0.578
7930,0.406
7931,0.325
7932,0.371
7933,0.422
7934,0.451
7935,0.451
7936,0.344
7937,0.389
7938,0.353
7939,0.251
7940,0.14
7941,0.072
7942,0.04
7943,0.027
7944,0.024
7945,0.028
7946,0.038
7947,0.047
7948,0.052
7949,0.059
7950,0.079
7951,0.21
7952,0.18
7953,0.123
7954,0.084
7955,0.096
7956,0.195
7957,0.42
7958,0.707
7959,0.798
7960,0.634
7961,0.601
7962,0.543
7963,0.473
7964,0.408
7965,0.38
7966,0.357
7967,0.276
7968,0.205
7969,0.164
7970,0.135
7971,0.113
7972,0.087
7973,0.058
7974,0.036
7975,0.073
7976,0.109
7977,0.146
7978,0.142
7979,0.09
7980,0.029
7981,0.009
7982,0.007
7983,0.006
7984,0.022
7985,0.102
7986,0.132
7987,0.112
7988,0.088
7989,0.077
7990,0.073
7991,0.064
7992,0.048
7993,0.028
7994,0.014
7995,0.006
7996,0.002
7997,0.001
7998,0
7999,0
8000,0.002
8001,0.002
8002,0
8003,0
8004,0
8005,0
8006,0.004
8007,0.033
8008,0.063
8009,0.117
8010,0.132
8011,0.132
8012,0.154
8013,0.196
8014,0.201
8015,0.173
8016,0.133
8017,0.087
8018,0.03
8019,0.004
8020,0.001
8021,0.005
8022,0.042
8023,0.201
8024,0.369
8025,0.368
8026,0.283
8027,0.169
8028,0.113
8029,0.131
8030,0.213
8031,0.304
8032,0.307
8033,0.342
8034,0.371
8035,0.438
8036,0.578
8037,0.765
8038,0.848
8039,0.821
8040,0.658
8041,0.416
8042,0.252
8043,0.198
8044,0.187
8045,0.243
8046,0.417
8047,0.627
8048,0.613
8049,0.582
8050,0.571
8051,0.732
8052,1.123
8053,1.4
8054,1.396
8055,1.037
8056,0.527
8057,0.413
8058,0.377
8059,0.302
8060,0.212
8061,0.154
8062,0.149
8063,0.158
8064,0.241
8065,0.409
8066,0.679
8067,0.849
8068,0.933
8069,1.051
8070,3.316
8071,6.153
8072,6.902
8073,6.74
8074,6.39
8075,6.067
8076,5.747
8077,5.506
8078,5.362
8079,4.911
8080,4.059
8081,3.635
8082,3.112
8083,2.394
8084,1.87
8085,1.587
8086,1.44
8087,1.355
8088,1.366
8089,1.403
8090,1.461
8091,1.46
8092,1.288
8093,1.123
8094,3.856
8095,7.628
8096,8.077
8097,7.765
8098,7.242
8099,6.431
8100,5.41
8101,4.452
8102,3.697
8103,2.805
8104,1.857
8105,2.173
8106,2.859
8107,3.1
8108,2.938
8109,2.78
8110,2.645
8111,2.483
8112,2.184
8113,2.008
8114,1.877
8115,1.768
8116,1.518
8117,1.228
8118,2.228
8119,4.911
8120,4.539
8121,3.87
8122,3.379
8123,2.809
8124,2.202
8125,1.716
8126,1.409
8127,1.121
8128,0.918
8129,1.53
8130,2.148
8131,2.307
8132,2.074
8133,2.279
8134,2.463
8135,2.204
8136,2.198
8137,2.038
8138,1.992
8139,1.994
8140,1.88
8141,1.596
8142,2.254
8143,3.185
8144,2.536
8145,1.807
8146,1.159
8147,0.648
8148,0.324
8149,0.174
8150,0.126
8151,0.124
8152,0.145
8153,0.33
8154,0.454
8155,0.44
8156,0.353
8157,0.351
8158,0.368
8159,0.462
8160,0.626
8161,0.728
8162,0.841
8163,0.942
8164,1.013
8165,1.08
8166,1.177
8167,1.879
8168,1.662
8169,1.315
8170,0.987
8171,0.717
8172,0.541
8173,0.445
8174,0.447
8175,0.453
8176,0.481
8177,0.948
8178,1.532
8179,1.793
8180,1.748
8181,1.637
8182,1.546
8183,1.52
8184,1.568
8185,1.663
8186,1.514
8187,1.391
8188,1.284
8189,1.264
8190,2.535
8191,3.474
8192,2.903
8193,2.25
8194,1.743
8195,1.324
8196,1.004
8197,0.764
8198,0.611
8199,0.516
8200,0.413
8201,0.642
8202,0.791
8203,0.827
8204,0.836
8205,0.883
8206,0.926
8207,0.87
8208,0.873
8209,0.922
8210,0.93
8211,0.956
8212,0.958
8213,1.02
8214,2.492
8215,2.642
8216,1.88
8217,1.377
8218,1.04
8219,0.812
8220,0.67
8221,0.62
8222,0.654
8223,0.76
8224,0.779
8225,1.185
8226,1.477
8227,1.276
8228,0.957
8229,0.869
8230,0.905
8231,1.076
8232,1.165
8233,1.194
8234,1.192
8235,1.211
8236,1.219
8237,1.511
8238,4.786
8239,6.305
8240,6.021
8241,5.443
8242,4.762
8243,3.91
8244,3.13
8245,2.614
8246,2.43
8247,2.468
8248,2.277
8249,2.341
8250,2.112
8251,1.604
8252,1.309
8253,1.217
8254,1.208
8255,1.039
8256,0.775
8257,0.512
8258,0.299
8259,0.17
8260,0.087
8261,0.079
8262,1.004
8263,2.319
8264,2.84
8265,3.191
8266,3.497
8267,3.616
8268,3.552
8269,3.432
8270,3.248
8271,2.72
8272,1.992
8273,2.498
8274,3.112
8275,3.252
8276,2.594
8277,2.172
8278,1.886
8279,1.678
8280,1.446
8281,1.235
8282,1.108
8283,0.982
8284,0.923
8285,0.934
8286,2.122
8287,3.279
8288,3.126
8289,3.05
8290,2.913
8291,2.697
8292,2.51
8293,2.372
8294,2.307
8295,2.16
8296,1.709
8297,2.396
8298,3.124
8299,3.476
8300,3.513
8301,3.252
8302,2.889
8303,1.96
8304,1.629
8305,1.461
8306,1.355
8307,1.267
8308,1.184
8309,1.131
8310,2.185
8311,3.058
8312,2.668
8313,2.153
8314,1.574
8315,1.104
8316,0.792
8317,0.613
8318,0.541
8319,0.513
8320,0.541
8321,1.012
8322,1.476
8323,1.805
8324,1.994
8325,1.926
8326,1.364
8327,1.213
8328,1.417
8329,1.555
8330,1.592
8331,1.66
8332,1.555
8333,1.546
8334,3.198
8335,4.191
8336,3.975
8337,3.316
8338,2.427
8339,1.579
8340,1.048
8341,0.772
8342,0.705
8343,0.774
8344,0.832
8345,1.545
8346,1.914
8347,1.611
8348,1.384
8349,1.262
8350,1.192
8351,1.141
8352,1.119
8353,1.116
8354,1.186
8355,1.303
8356,1.352
8357,1.342
8358,2.72
8359,4.552
8360,4.739
8361,4.359
8362,3.55
8363,2.629
8364,2.005
8365,1.693
8366,1.627
8367,1.65
8368,1.813
8369,2.844
8370,3.226
8371,3.078
8372,2.614
8373,2.253
8374,1.95
8375,1.913
8376,1.368
8377,1.082
8378,0.942
8379,0.923
8380,0.794
8381,0.68
8382,2.009
8383,3.559
8384,3.752
8385,3.406
8386,2.871
8387,2.328
8388,1.881
8389,1.592
8390,1.462
8391,1.396
8392,1.233
8393,2.089
8394,3.129
8395,3.577
8396,3.524
8397,3.203
8398,2.648
8399,2.008
8400,1.396
8401,1.045
8402,0.859
8403,0.747
8404,0.827
8405,0.759
8406,1.72
8407,2.518
8408,2.459
8409,2.119
8410,1.699
8411,1.33
8412,1.073
8413,0.969
8414,0.952
8415,0.928
8416,0.65
8417,0.879
8418,1.139
8419,1.196
8420,1.087
8421,0.954
8422,0.841
8423,0.68
8424,0.502
8425,0.355
8426,0.249
8427,0.183
8428,0.196
8429,0.246
8430,0.372
8431,0.433
8432,0.379
8433,0.326
8434,0.238
8435,0.123
8436,0.046
8437,0.009
8438,0.046
8439,0.117
8440,0.198
8441,0.302
8442,0.197
8443,0.071
8444,0.021
8445,0.01
8446,0.007
8447,0.011
8448,0.022
8449,0.043
8450,0.091
8451,0.167
8452,0.203
8453,0.241
8454,0.725
8455,1.539
8456,1.694
8457,1.546
8458,1.316
8459,1.095
8460,0.927
8461,0.762
8462,0.662
8463,0.601
8464,0.498
8465,0.871
8466,1.376
8467,1.464
8468,1.33
8469,1.057
8470,0.812
8471,0.624
8472,0.535
8473,0.472
8474,0.41
8475,0.355
8476,0.342
8477,0.383
8478,0.588
8479,0.704
8480,0.983
8481,1.303
8482,1.593
8483,1.668
8484,1.366
8485,0.905
8486,0.678
8487,0.639
8488,0.611
8489,1.13
8490,1.621
8491,1.646
8492,1.35
8493,0.937
8494,0.573
8495,0.352
8496,0.212
8497,0.133
8498,0.088
8499,0.071
8500,0.073
8501,0.069
8502,0.06
8503,0.125
8504,0.349
8505,0.445
8506,0.374
8507,0.237
8508,0.108
8509,0.038
8510,0.01
8511,0.009
8512,0.027
8513,0.24
8514,0.521
8515,0.455
8516,0.218
8517,0.06
8518,0.008
8519,0.001
8520,0.001
8521,0.001
8522,0.002
8523,0.003
8524,0.006
8525,0.014
8526,0.042
8527,0.209
8528,0.324
8529,0.252
8530,0.121
8531,0.039
8532,0.009
8533,0.002
8534,0.001
8535,0.003
8536,0.015
8537,0.109
8538,0.258
8539,0.314
8540,0.244
8541,0.114
8542,0.023
8543,0.001
8544,0
8545,0
8546,0
8547,0.001
8548,0.004
8549,0.012
8550,0.023
8551,0.021
8552,0.029
8553,0.031
8554,0.017
8555,0.006
8556,0.002
8557,0.001
8558,0.001
8559,0.001
8560,0.001
8561,0.002
8562,0.013
8563,0.056
8564,0.156
8565,0.264
8566,0.292
8567,0.215
8568,0.144
8569,0.094
8570,0.098
8571,0.124
8572,0.129
8573,0.128
8574,0.167
8575,0.308
8576,0.578
8577,0.791
8578,0.879
8579,0.872
8580,0.868
8581,0.928
8582,1.005
8583,0.948
8584,0.805
8585,1.313
8586,1.991
8587,2.409
8588,2.307
8589,1.87
8590,1.542
8591,1.262
8592,1
8593,0.834
8594,0.704
8595,0.601
8596,0.581
8597,0.593
8598,1.106
8599,1.789
8600,1.663
8601,1.332
8602,0.987
8603,0.681
8604,0.457
8605,0.352
8606,0.323
8607,0.252
8608,0.165
8609,0.21
8610,0.288
8611,0.332
8612,0.328
8613,0.384
8614,0.464
8615,0.465
8616,0.413
8617,0.381
8618,0.369
8619,0.366
8620,0.352
8621,0.377
8622,1.226
8623,1.718
8624,1.465
8625,1.264
8626,1.067
8627,0.838
8628,0.538
8629,0.275
8630,0.118
8631,0.062
8632,0.046
8633,0.129
8634,0.239
8635,0.262
8636,0.211
8637,0.267
8638,0.31
8639,0.408
8640,0.388
8641,0.336
8642,0.299
8643,0.265
8644,0.222
8645,0.212
8646,0.483
8647,1.004
8648,1.183
8649,1.177
8650,1.016
8651,0.828
8652,0.655
8653,0.556
8654,0.522
8655,0.45
8656,0.379
8657,0.697
8658,1.315
8659,1.802
8660,1.869
8661,1.577
8662,1.251
8663,0.964
8664,0.743
8665,0.618
8666,0.595
8667,0.629
8668,0.685
8669,0.756
8670,0.818
8671,2.52
8672,2.769
8673,2.431
8674,1.917
8675,1.38
8676,0.992
8677,0.759
8678,0.68
8679,0.716
8680,0.828
8681,1.835
8682,3.185
8683,3.91
8684,3.745
8685,3.031
8686,2.407
8687,1.867
8688,1.44
8689,1.123
8690,0.915
8691,0.855
8692,0.846
8693,0.838
8694,0.621
8695,1.556
8696,1.458
8697,1.075
8698,0.692
8699,0.397
8700,0.223
8701,0.15
8702,0.13
8703,0.161
8704,0.266
8705,0.727
8706,1.3
8707,1.439
8708,1.452
8709,1.269
8710,1.025
8711,0.787
8712,0.58
8713,0.406
8714,0.343
8715,0.352
8716,0.392
8717,0.455
8718,0.674
8719,1.353
8720,1.245
8721,0.884
8722,0.563
8723,0.381
8724,0.302
8725,0.303
8726,0.389
8727,0.514
8728,0.667
8729,1.44
8730,2.209
8731,2.274
8732,1.743
8733,1.137
8734,0.647
8735,0.34
8736,0.16
8737,0.069
8738,0.032
8739,0.021
8740,0.02
8741,0.023
8742,0.016
8743,0.254
8744,0.492
8745,0.572
8746,0.544
8747,0.482
8748,0.451
8749,0.461
8750,0.53
8751,0.556
8752,0.587
8753,1.33
8754,2.298
8755,2.667
8756,2.329
8757,1.771
8758,1.225
8759,0.888
8760,0.703
