h,1,
1,1.410966667
2,1.218733333
3,1.0701
4,0.908966667
5,0.8124
6,0.727433333
7,0.634833333
8,0.5763
9,1.162366667
10,1.6227
11,1.4759
12,1.308733333
13,1.130333333
14,0.962466667
15,0.846366667
16,0.792733333
17,0.8306
18,0.9432
19,0.9392
20,1.374933333
21,1.7934
22,1.889966667
23,1.836833333
24,1.7073
25,0.975333333
26,0.812033333
27,0.7041
28,0.611066667
29,0.543933333
30,0.494033333
31,0.444133333
32,0.4632
33,1.0809
34,1.373566667
35,1.322433333
36,1.191633333
37,1.007733333
38,0.8572
39,0.769666667
40,0.7498
41,0.801666667
42,0.905866667
43,0.9158
44,1.2379
45,1.501
46,1.476866667
47,1.290233333
48,1.099933333
49,0.969833333
50,0.833666667
51,0.745566667
52,0.662066667
53,0.583833333
54,0.5179
55,0.4645
56,0.573633333
57,1.4783
58,1.6403
59,1.427
60,1.253766667
61,1.115433333
62,1.009166667
63,0.9621
64,0.973033333
65,1.046366667
66,1.173866667
67,1.1136
68,1.320733333
69,1.487533333
70,1.436033333
71,1.2714
72,1.0819
73,0.114333333
74,0.085366667
75,0.0669
76,0.066866667
77,0.081733333
78,0.115433333
79,0.1367
80,0.202833333
81,0.472533333
82,0.612666667
83,0.5846
84,0.524933333
85,0.455633333
86,0.378966667
87,0.322866667
88,0.334933333
89,0.4323
90,0.543366667
91,0.557133333
92,0.589966667
93,0.534
94,0.406133333
95,0.270666667
96,0.169833333
97,0.085933333
98,0.0734
99,0.065433333
100,0.061
101,0.064466667
102,0.072233333
103,0.078833333
104,0.0933
105,0.082633333
106,0.069566667
107,0.069133333
108,0.0817
109,0.108233333
110,0.1465
111,0.1755
112,0.200233333
113,0.220733333
114,0.224766667
115,0.2344
116,0.323966667
117,0.320633333
118,0.250333333
119,0.1768
120,0.121466667
121,0.13
122,0.0927
123,0.072133333
124,0.051333333
125,0.0337
126,0.0212
127,0.021433333
128,0.040533333
129,0.066466667
130,0.087333333
131,0.089266667
132,0.0804
133,0.070333333
134,0.0774
135,0.112466667
136,0.156133333
137,0.178633333
138,0.186366667
139,0.205033333
140,0.377666667
141,0.4652
142,0.408366667
143,0.306333333
144,0.2017
145,0.225433333
146,0.149133333
147,0.110466667
148,0.095833333
149,0.102233333
150,0.132533333
151,0.165166667
152,0.237966667
153,0.333733333
154,0.3537
155,0.2675
156,0.205066667
157,0.172566667
158,0.160366667
159,0.159433333
160,0.162
161,0.169733333
162,0.178466667
163,0.1925
164,0.4046
165,0.579033333
166,0.591366667
167,0.5
168,0.365766667
169,0.2656
170,0.2257
171,0.203766667
172,0.190366667
173,0.1809
174,0.1847
175,0.189566667
176,0.237966667
177,0.324666667
178,0.308533333
179,0.219866667
180,0.133233333
181,0.075066667
182,0.050133333
183,0.051733333
184,0.068333333
185,0.097633333
186,0.123433333
187,0.129033333
188,0.2248
189,0.311066667
190,0.340633333
191,0.322533333
192,0.288266667
193,0.128066667
194,0.109666667
195,0.108433333
196,0.121033333
197,0.1376
198,0.132933333
199,0.119966667
200,0.121466667
201,0.1332
202,0.147966667
203,0.128066667
204,0.1023
205,0.083466667
206,0.076366667
207,0.090233333
208,0.1188
209,0.1548
210,0.190133333
211,0.245133333
212,0.364166667
213,0.366266667
214,0.2924
215,0.2224
216,0.170266667
217,0.1286
218,0.096833333
219,0.088733333
220,0.0952
221,0.107033333
222,0.123333333
223,0.141433333
224,0.169966667
225,0.2668
226,0.429533333
227,0.4181
228,0.3312
229,0.253933333
230,0.210833333
231,0.219133333
232,0.260733333
233,0.282166667
234,0.2655
235,0.2373
236,0.312433333
237,0.300766667
238,0.2424
239,0.1985
240,0.162266667
241,0.540966667
242,0.587133333
243,0.587666667
244,0.581466667
245,0.559366667
246,0.510533333
247,0.459966667
248,0.491233333
249,1.0609
250,1.471733333
251,1.297433333
252,1.049
253,0.833333333
254,0.657833333
255,0.530166667
256,0.451833333
257,0.413866667
258,0.3661
259,0.3088
260,0.3558
261,0.394133333
262,0.4381
263,0.4776
264,0.521333333
265,1.040366667
266,0.9212
267,0.825066667
268,0.756366667
269,0.707833333
270,0.673866667
271,0.638066667
272,0.631933333
273,1.428766667
274,2.272933333
275,2.249833333
276,2.041666667
277,1.777033333
278,1.499066667
279,1.268033333
280,1.112933333
281,1.04
282,0.952
283,0.798733333
284,1.077233333
285,1.3339
286,1.348433333
287,1.218
288,1.107733333
289,1.410966667
290,1.218733333
291,1.0701
292,0.908966667
293,0.8124
294,0.727433333
295,0.634833333
296,0.5763
297,1.162366667
298,1.6227
299,1.4759
300,1.308733333
301,1.130333333
302,0.962466667
303,0.846366667
304,0.792733333
305,0.8306
306,0.9432
307,0.9392
308,1.374933333
309,1.7934
310,1.889966667
311,1.836833333
312,1.7073
313,0.975333333
314,0.812033333
315,0.7041
316,0.611066667
317,0.543933333
318,0.494033333
319,0.444133333
320,0.4632
321,1.0809
322,1.373566667
323,1.322433333
324,1.191633333
325,1.007733333
326,0.8572
327,0.769666667
328,0.7498
329,0.801666667
330,0.905866667
331,0.9158
332,1.2379
333,1.501
334,1.476866667
335,1.290233333
336,1.099933333
337,0.969833333
338,0.833666667
339,0.745566667
340,0.662066667
341,0.583833333
342,0.5179
343,0.4645
344,0.573633333
345,1.4783
346,1.6403
347,1.427
348,1.253766667
349,1.115433333
350,1.009166667
351,0.9621
352,0.973033333
353,1.046366667
354,1.173866667
355,1.1136
356,1.320733333
357,1.487533333
358,1.436033333
359,1.2714
360,1.0819
361,0.114333333
362,0.085366667
363,0.0669
364,0.066866667
365,0.081733333
366,0.115433333
367,0.1367
368,0.202833333
369,0.472533333
370,0.612666667
371,0.5846
372,0.524933333
373,0.455633333
374,0.378966667
375,0.322866667
376,0.334933333
377,0.4323
378,0.543366667
379,0.557133333
380,0.589966667
381,0.534
382,0.406133333
383,0.270666667
384,0.169833333
385,0.085933333
386,0.0734
387,0.065433333
388,0.061
389,0.064466667
390,0.072233333
391,0.078833333
392,0.0933
393,0.082633333
394,0.069566667
395,0.069133333
396,0.0817
397,0.108233333
398,0.1465
399,0.1755
400,0.200233333
401,0.220733333
402,0.224766667
403,0.2344
404,0.323966667
405,0.320633333
406,0.250333333
407,0.1768
408,0.121466667
409,0.13
410,0.0927
411,0.072133333
412,0.051333333
413,0.0337
414,0.0212
415,0.021433333
416,0.040533333
417,0.066466667
418,0.087333333
419,0.089266667
420,0.0804
421,0.070333333
422,0.0774
423,0.112466667
424,0.156133333
425,0.178633333
426,0.186366667
427,0.205033333
428,0.377666667
429,0.4652
430,0.408366667
431,0.306333333
432,0.2017
433,0.225433333
434,0.149133333
435,0.110466667
436,0.095833333
437,0.102233333
438,0.132533333
439,0.165166667
440,0.237966667
441,0.333733333
442,0.3537
443,0.2675
444,0.205066667
445,0.172566667
446,0.160366667
447,0.159433333
448,0.162
449,0.169733333
450,0.178466667
451,0.1925
452,0.4046
453,0.579033333
454,0.591366667
455,0.5
456,0.365766667
457,0.2656
458,0.2257
459,0.203766667
460,0.190366667
461,0.1809
462,0.1847
463,0.189566667
464,0.237966667
465,0.324666667
466,0.308533333
467,0.219866667
468,0.133233333
469,0.075066667
470,0.050133333
471,0.051733333
472,0.068333333
473,0.097633333
474,0.123433333
475,0.129033333
476,0.2248
477,0.311066667
478,0.340633333
479,0.322533333
480,0.288266667
481,0.128066667
482,0.109666667
483,0.108433333
484,0.121033333
485,0.1376
486,0.132933333
487,0.119966667
488,0.121466667
489,0.1332
490,0.147966667
491,0.128066667
492,0.1023
493,0.083466667
494,0.076366667
495,0.090233333
496,0.1188
497,0.1548
498,0.190133333
499,0.245133333
500,0.364166667
501,0.366266667
502,0.2924
503,0.2224
504,0.170266667
505,0.1286
506,0.096833333
507,0.088733333
508,0.0952
509,0.107033333
510,0.123333333
511,0.141433333
512,0.169966667
513,0.2668
514,0.429533333
515,0.4181
516,0.3312
517,0.253933333
518,0.210833333
519,0.219133333
520,0.260733333
521,0.282166667
522,0.2655
523,0.2373
524,0.312433333
525,0.300766667
526,0.2424
527,0.1985
528,0.162266667
529,0.540966667
530,0.587133333
531,0.587666667
532,0.581466667
533,0.559366667
534,0.510533333
535,0.459966667
536,0.491233333
537,1.0609
538,1.471733333
539,1.297433333
540,1.049
541,0.833333333
542,0.657833333
543,0.530166667
544,0.451833333
545,0.413866667
546,0.3661
547,0.3088
548,0.3558
549,0.394133333
550,0.4381
551,0.4776
552,0.521333333
553,1.040366667
554,0.9212
555,0.825066667
556,0.756366667
557,0.707833333
558,0.673866667
559,0.638066667
560,0.631933333
561,1.428766667
562,2.272933333
563,2.249833333
564,2.041666667
565,1.777033333
566,1.499066667
567,1.268033333
568,1.112933333
569,1.04
570,0.952
571,0.798733333
572,1.077233333
573,1.3339
574,1.348433333
575,1.218
576,1.107733333
577,1.410966667
578,1.218733333
579,1.0701
580,0.908966667
581,0.8124
582,0.727433333
583,0.634833333
584,0.5763
585,1.162366667
586,1.6227
587,1.4759
588,1.308733333
589,1.130333333
590,0.962466667
591,0.846366667
592,0.792733333
593,0.8306
594,0.9432
595,0.9392
596,1.374933333
597,1.7934
598,1.889966667
599,1.836833333
600,1.7073
601,0.975333333
602,0.812033333
603,0.7041
604,0.611066667
605,0.543933333
606,0.494033333
607,0.444133333
608,0.4632
609,1.0809
610,1.373566667
611,1.322433333
612,1.191633333
613,1.007733333
614,0.8572
615,0.769666667
616,0.7498
617,0.801666667
618,0.905866667
619,0.9158
620,1.2379
621,1.501
622,1.476866667
623,1.290233333
624,1.099933333
625,0.969833333
626,0.833666667
627,0.745566667
628,0.662066667
629,0.583833333
630,0.5179
631,0.4645
632,0.573633333
633,1.4783
634,1.6403
635,1.427
636,1.253766667
637,1.115433333
638,1.009166667
639,0.9621
640,0.973033333
641,1.046366667
642,1.173866667
643,1.1136
644,1.320733333
645,1.487533333
646,1.436033333
647,1.2714
648,1.0819
649,0.114333333
650,0.085366667
651,0.0669
652,0.066866667
653,0.081733333
654,0.115433333
655,0.1367
656,0.202833333
657,0.472533333
658,0.612666667
659,0.5846
660,0.524933333
661,0.455633333
662,0.378966667
663,0.322866667
664,0.334933333
665,0.4323
666,0.543366667
667,0.557133333
668,0.589966667
669,0.534
670,0.406133333
671,0.270666667
672,0.169833333
673,0.085933333
674,0.0734
675,0.065433333
676,0.061
677,0.064466667
678,0.072233333
679,0.078833333
680,0.0933
681,0.082633333
682,0.069566667
683,0.069133333
684,0.0817
685,0.108233333
686,0.1465
687,0.1755
688,0.200233333
689,0.220733333
690,0.224766667
691,0.2344
692,0.323966667
693,0.320633333
694,0.250333333
695,0.1768
696,0.121466667
697,0.13
698,0.0927
699,0.072133333
700,0.051333333
701,0.0337
702,0.0212
703,0.021433333
704,0.040533333
705,0.066466667
706,0.087333333
707,0.089266667
708,0.0804
709,0.070333333
710,0.0774
711,0.112466667
712,0.156133333
713,0.178633333
714,0.186366667
715,0.205033333
716,0.377666667
717,0.4652
718,0.408366667
719,0.306333333
720,0.2017
721,0.225433333
722,0.149133333
723,0.110466667
724,0.095833333
725,0.102233333
726,0.132533333
727,0.165166667
728,0.237966667
729,0.333733333
730,0.3537
731,0.2675
732,0.205066667
733,0.172566667
734,0.160366667
735,0.159433333
736,0.162
737,0.169733333
738,0.178466667
739,0.1925
740,0.4046
741,0.579033333
742,0.591366667
743,0.5
744,0.365766667
745,0.2656
746,0.2257
747,0.203766667
748,0.190366667
749,0.1809
750,0.1847
751,0.189566667
752,0.237966667
753,0.324666667
754,0.308533333
755,0.219866667
756,0.133233333
757,0.075066667
758,0.050133333
759,0.051733333
760,0.068333333
761,0.097633333
762,0.123433333
763,0.129033333
764,0.2248
765,0.311066667
766,0.340633333
767,0.322533333
768,0.288266667
769,0.128066667
770,0.109666667
771,0.108433333
772,0.121033333
773,0.1376
774,0.132933333
775,0.119966667
776,0.121466667
777,0.1332
778,0.147966667
779,0.128066667
780,0.1023
781,0.083466667
782,0.076366667
783,0.090233333
784,0.1188
785,0.1548
786,0.190133333
787,0.245133333
788,0.364166667
789,0.366266667
790,0.2924
791,0.2224
792,0.170266667
793,0.1286
794,0.096833333
795,0.088733333
796,0.0952
797,0.107033333
798,0.123333333
799,0.141433333
800,0.169966667
801,0.2668
802,0.429533333
803,0.4181
804,0.3312
805,0.253933333
806,0.210833333
807,0.219133333
808,0.260733333
809,0.282166667
810,0.2655
811,0.2373
812,0.312433333
813,0.300766667
814,0.2424
815,0.1985
816,0.162266667
817,0.540966667
818,0.587133333
819,0.587666667
820,0.581466667
821,0.559366667
822,0.510533333
823,0.459966667
824,0.491233333
825,1.0609
826,1.471733333
827,1.297433333
828,1.049
829,0.833333333
830,0.657833333
831,0.530166667
832,0.451833333
833,0.413866667
834,0.3661
835,0.3088
836,0.3558
837,0.394133333
838,0.4381
839,0.4776
840,0.521333333
841,1.040366667
842,0.9212
843,0.825066667
844,0.756366667
845,0.707833333
846,0.673866667
847,0.638066667
848,0.631933333
849,1.428766667
850,2.272933333
851,2.249833333
852,2.041666667
853,1.777033333
854,1.499066667
855,1.268033333
856,1.112933333
857,1.04
858,0.952
859,0.798733333
860,1.077233333
861,1.3339
862,1.348433333
863,1.218
864,1.107733333
865,1.410966667
866,1.218733333
867,1.0701
868,0.908966667
869,0.8124
870,0.727433333
871,0.634833333
872,0.5763
873,1.162366667
874,1.6227
875,1.4759
876,1.308733333
877,1.130333333
878,0.962466667
879,0.846366667
880,0.792733333
881,0.8306
882,0.9432
883,0.9392
884,1.374933333
885,1.7934
886,1.889966667
887,1.836833333
888,1.7073
889,0.975333333
890,0.812033333
891,0.7041
892,0.611066667
893,0.543933333
894,0.494033333
895,0.444133333
896,0.4632
897,1.0809
898,1.373566667
899,1.322433333
900,1.191633333
901,1.007733333
902,0.8572
903,0.769666667
904,0.7498
905,0.801666667
906,0.905866667
907,0.9158
908,1.2379
909,1.501
910,1.476866667
911,1.290233333
912,1.099933333
913,0.969833333
914,0.833666667
915,0.745566667
916,0.662066667
917,0.583833333
918,0.5179
919,0.4645
920,0.573633333
921,1.4783
922,1.6403
923,1.427
924,1.253766667
925,1.115433333
926,1.009166667
927,0.9621
928,0.973033333
929,1.046366667
930,1.173866667
931,1.1136
932,1.320733333
933,1.487533333
934,1.436033333
935,1.2714
936,1.0819
937,0.114333333
938,0.085366667
939,0.0669
940,0.066866667
941,0.081733333
942,0.115433333
943,0.1367
944,0.202833333
945,0.472533333
946,0.612666667
947,0.5846
948,0.524933333
949,0.455633333
950,0.378966667
951,0.322866667
952,0.334933333
953,0.4323
954,0.543366667
955,0.557133333
956,0.589966667
957,0.534
958,0.406133333
959,0.270666667
960,0.169833333
961,0.085933333
962,0.0734
963,0.065433333
964,0.061
965,0.064466667
966,0.072233333
967,0.078833333
968,0.0933
969,0.082633333
970,0.069566667
971,0.069133333
972,0.0817
973,0.108233333
974,0.1465
975,0.1755
976,0.200233333
977,0.220733333
978,0.224766667
979,0.2344
980,0.323966667
981,0.320633333
982,0.250333333
983,0.1768
984,0.121466667
985,0.13
986,0.0927
987,0.072133333
988,0.051333333
989,0.0337
990,0.0212
991,0.021433333
992,0.040533333
993,0.066466667
994,0.087333333
995,0.089266667
996,0.0804
997,0.070333333
998,0.0774
999,0.112466667
1000,0.156133333
1001,0.178633333
1002,0.186366667
1003,0.205033333
1004,0.377666667
1005,0.4652
1006,0.408366667
1007,0.306333333
1008,0.2017
1009,0.225433333
1010,0.149133333
1011,0.110466667
1012,0.095833333
1013,0.102233333
1014,0.132533333
1015,0.165166667
1016,0.237966667
1017,0.333733333
1018,0.3537
1019,0.2675
1020,0.205066667
1021,0.172566667
1022,0.160366667
1023,0.159433333
1024,0.162
1025,0.169733333
1026,0.178466667
1027,0.1925
1028,0.4046
1029,0.579033333
1030,0.591366667
1031,0.5
1032,0.365766667
1033,0.2656
1034,0.2257
1035,0.203766667
1036,0.190366667
1037,0.1809
1038,0.1847
1039,0.189566667
1040,0.237966667
1041,0.324666667
1042,0.308533333
1043,0.219866667
1044,0.133233333
1045,0.075066667
1046,0.050133333
1047,0.051733333
1048,0.068333333
1049,0.097633333
1050,0.123433333
1051,0.129033333
1052,0.2248
1053,0.311066667
1054,0.340633333
1055,0.322533333
1056,0.288266667
1057,0.128066667
1058,0.109666667
1059,0.108433333
1060,0.121033333
1061,0.1376
1062,0.132933333
1063,0.119966667
1064,0.121466667
1065,0.1332
1066,0.147966667
1067,0.128066667
1068,0.1023
1069,0.083466667
1070,0.076366667
1071,0.090233333
1072,0.1188
1073,0.1548
1074,0.190133333
1075,0.245133333
1076,0.364166667
1077,0.366266667
1078,0.2924
1079,0.2224
1080,0.170266667
1081,0.1286
1082,0.096833333
1083,0.088733333
1084,0.0952
1085,0.107033333
1086,0.123333333
1087,0.141433333
1088,0.169966667
1089,0.2668
1090,0.429533333
1091,0.4181
1092,0.3312
1093,0.253933333
1094,0.210833333
1095,0.219133333
1096,0.260733333
1097,0.282166667
1098,0.2655
1099,0.2373
1100,0.312433333
1101,0.300766667
1102,0.2424
1103,0.1985
1104,0.162266667
1105,0.540966667
1106,0.587133333
1107,0.587666667
1108,0.581466667
1109,0.559366667
1110,0.510533333
1111,0.459966667
1112,0.491233333
1113,1.0609
1114,1.471733333
1115,1.297433333
1116,1.049
1117,0.833333333
1118,0.657833333
1119,0.530166667
1120,0.451833333
1121,0.413866667
1122,0.3661
1123,0.3088
1124,0.3558
1125,0.394133333
1126,0.4381
1127,0.4776
1128,0.521333333
1129,1.040366667
1130,0.9212
1131,0.825066667
1132,0.756366667
1133,0.707833333
1134,0.673866667
1135,0.638066667
1136,0.631933333
1137,1.428766667
1138,2.272933333
1139,2.249833333
1140,2.041666667
1141,1.777033333
1142,1.499066667
1143,1.268033333
1144,1.112933333
1145,1.04
1146,0.952
1147,0.798733333
1148,1.077233333
1149,1.3339
1150,1.348433333
1151,1.218
1152,1.107733333
1153,1.410966667
1154,1.218733333
1155,1.0701
1156,0.908966667
1157,0.8124
1158,0.727433333
1159,0.634833333
1160,0.5763
1161,1.162366667
1162,1.6227
1163,1.4759
1164,1.308733333
1165,1.130333333
1166,0.962466667
1167,0.846366667
1168,0.792733333
1169,0.8306
1170,0.9432
1171,0.9392
1172,1.374933333
1173,1.7934
1174,1.889966667
1175,1.836833333
1176,1.7073
1177,0.975333333
1178,0.812033333
1179,0.7041
1180,0.611066667
1181,0.543933333
1182,0.494033333
1183,0.444133333
1184,0.4632
1185,1.0809
1186,1.373566667
1187,1.322433333
1188,1.191633333
1189,1.007733333
1190,0.8572
1191,0.769666667
1192,0.7498
1193,0.801666667
1194,0.905866667
1195,0.9158
1196,1.2379
1197,1.501
1198,1.476866667
1199,1.290233333
1200,1.099933333
1201,0.969833333
1202,0.833666667
1203,0.745566667
1204,0.662066667
1205,0.583833333
1206,0.5179
1207,0.4645
1208,0.573633333
1209,1.4783
1210,1.6403
1211,1.427
1212,1.253766667
1213,1.115433333
1214,1.009166667
1215,0.9621
1216,0.973033333
1217,1.046366667
1218,1.173866667
1219,1.1136
1220,1.320733333
1221,1.487533333
1222,1.436033333
1223,1.2714
1224,1.0819
1225,0.114333333
1226,0.085366667
1227,0.0669
1228,0.066866667
1229,0.081733333
1230,0.115433333
1231,0.1367
1232,0.202833333
1233,0.472533333
1234,0.612666667
1235,0.5846
1236,0.524933333
1237,0.455633333
1238,0.378966667
1239,0.322866667
1240,0.334933333
1241,0.4323
1242,0.543366667
1243,0.557133333
1244,0.589966667
1245,0.534
1246,0.406133333
1247,0.270666667
1248,0.169833333
1249,0.085933333
1250,0.0734
1251,0.065433333
1252,0.061
1253,0.064466667
1254,0.072233333
1255,0.078833333
1256,0.0933
1257,0.082633333
1258,0.069566667
1259,0.069133333
1260,0.0817
1261,0.108233333
1262,0.1465
1263,0.1755
1264,0.200233333
1265,0.220733333
1266,0.224766667
1267,0.2344
1268,0.323966667
1269,0.320633333
1270,0.250333333
1271,0.1768
1272,0.121466667
1273,0.13
1274,0.0927
1275,0.072133333
1276,0.051333333
1277,0.0337
1278,0.0212
1279,0.021433333
1280,0.040533333
1281,0.066466667
1282,0.087333333
1283,0.089266667
1284,0.0804
1285,0.070333333
1286,0.0774
1287,0.112466667
1288,0.156133333
1289,0.178633333
1290,0.186366667
1291,0.205033333
1292,0.377666667
1293,0.4652
1294,0.408366667
1295,0.306333333
1296,0.2017
1297,0.225433333
1298,0.149133333
1299,0.110466667
1300,0.095833333
1301,0.102233333
1302,0.132533333
1303,0.165166667
1304,0.237966667
1305,0.333733333
1306,0.3537
1307,0.2675
1308,0.205066667
1309,0.172566667
1310,0.160366667
1311,0.159433333
1312,0.162
1313,0.169733333
1314,0.178466667
1315,0.1925
1316,0.4046
1317,0.579033333
1318,0.591366667
1319,0.5
1320,0.365766667
1321,0.2656
1322,0.2257
1323,0.203766667
1324,0.190366667
1325,0.1809
1326,0.1847
1327,0.189566667
1328,0.237966667
1329,0.324666667
1330,0.308533333
1331,0.219866667
1332,0.133233333
1333,0.075066667
1334,0.050133333
1335,0.051733333
1336,0.068333333
1337,0.097633333
1338,0.123433333
1339,0.129033333
1340,0.2248
1341,0.311066667
1342,0.340633333
1343,0.322533333
1344,0.288266667
1345,0.128066667
1346,0.109666667
1347,0.108433333
1348,0.121033333
1349,0.1376
1350,0.132933333
1351,0.119966667
1352,0.121466667
1353,0.1332
1354,0.147966667
1355,0.128066667
1356,0.1023
1357,0.083466667
1358,0.076366667
1359,0.090233333
1360,0.1188
1361,0.1548
1362,0.190133333
1363,0.245133333
1364,0.364166667
1365,0.366266667
1366,0.2924
1367,0.2224
1368,0.170266667
1369,0.1286
1370,0.096833333
1371,0.088733333
1372,0.0952
1373,0.107033333
1374,0.123333333
1375,0.141433333
1376,0.169966667
1377,0.2668
1378,0.429533333
1379,0.4181
1380,0.3312
1381,0.253933333
1382,0.210833333
1383,0.219133333
1384,0.260733333
1385,0.282166667
1386,0.2655
1387,0.2373
1388,0.312433333
1389,0.300766667
1390,0.2424
1391,0.1985
1392,0.162266667
1393,0.540966667
1394,0.587133333
1395,0.587666667
1396,0.581466667
1397,0.559366667
1398,0.510533333
1399,0.459966667
1400,0.491233333
1401,1.0609
1402,1.471733333
1403,1.297433333
1404,1.049
1405,0.833333333
1406,0.657833333
1407,0.530166667
1408,0.451833333
1409,0.413866667
1410,0.3661
1411,0.3088
1412,0.3558
1413,0.394133333
1414,0.4381
1415,0.4776
1416,0.521333333
1417,1.040366667
1418,0.9212
1419,0.825066667
1420,0.756366667
1421,0.707833333
1422,0.673866667
1423,0.638066667
1424,0.631933333
1425,1.428766667
1426,2.272933333
1427,2.249833333
1428,2.041666667
1429,1.777033333
1430,1.499066667
1431,1.268033333
1432,1.112933333
1433,1.04
1434,0.952
1435,0.798733333
1436,1.077233333
1437,1.3339
1438,1.348433333
1439,1.218
1440,1.107733333
1441,1.410966667
1442,1.218733333
1443,1.0701
1444,0.908966667
1445,0.8124
1446,0.727433333
1447,0.634833333
1448,0.5763
1449,1.162366667
1450,1.6227
1451,1.4759
1452,1.308733333
1453,1.130333333
1454,0.962466667
1455,0.846366667
1456,0.792733333
1457,0.8306
1458,0.9432
1459,0.9392
1460,1.374933333
1461,1.7934
1462,1.889966667
1463,1.836833333
1464,1.7073
1465,0.975333333
1466,0.812033333
1467,0.7041
1468,0.611066667
1469,0.543933333
1470,0.494033333
1471,0.444133333
1472,0.4632
1473,1.0809
1474,1.373566667
1475,1.322433333
1476,1.191633333
1477,1.007733333
1478,0.8572
1479,0.769666667
1480,0.7498
1481,0.801666667
1482,0.905866667
1483,0.9158
1484,1.2379
1485,1.501
1486,1.476866667
1487,1.290233333
1488,1.099933333
1489,0.969833333
1490,0.833666667
1491,0.745566667
1492,0.662066667
1493,0.583833333
1494,0.5179
1495,0.4645
1496,0.573633333
1497,1.4783
1498,1.6403
1499,1.427
1500,1.253766667
1501,1.115433333
1502,1.009166667
1503,0.9621
1504,0.973033333
1505,1.046366667
1506,1.173866667
1507,1.1136
1508,1.320733333
1509,1.487533333
1510,1.436033333
1511,1.2714
1512,1.0819
1513,0.114333333
1514,0.085366667
1515,0.0669
1516,0.066866667
1517,0.081733333
1518,0.115433333
1519,0.1367
1520,0.202833333
1521,0.472533333
1522,0.612666667
1523,0.5846
1524,0.524933333
1525,0.455633333
1526,0.378966667
1527,0.322866667
1528,0.334933333
1529,0.4323
1530,0.543366667
1531,0.557133333
1532,0.589966667
1533,0.534
1534,0.406133333
1535,0.270666667
1536,0.169833333
1537,0.085933333
1538,0.0734
1539,0.065433333
1540,0.061
1541,0.064466667
1542,0.072233333
1543,0.078833333
1544,0.0933
1545,0.082633333
1546,0.069566667
1547,0.069133333
1548,0.0817
1549,0.108233333
1550,0.1465
1551,0.1755
1552,0.200233333
1553,0.220733333
1554,0.224766667
1555,0.2344
1556,0.323966667
1557,0.320633333
1558,0.250333333
1559,0.1768
1560,0.121466667
1561,0.13
1562,0.0927
1563,0.072133333
1564,0.051333333
1565,0.0337
1566,0.0212
1567,0.021433333
1568,0.040533333
1569,0.066466667
1570,0.087333333
1571,0.089266667
1572,0.0804
1573,0.070333333
1574,0.0774
1575,0.112466667
1576,0.156133333
1577,0.178633333
1578,0.186366667
1579,0.205033333
1580,0.377666667
1581,0.4652
1582,0.408366667
1583,0.306333333
1584,0.2017
1585,0.225433333
1586,0.149133333
1587,0.110466667
1588,0.095833333
1589,0.102233333
1590,0.132533333
1591,0.165166667
1592,0.237966667
1593,0.333733333
1594,0.3537
1595,0.2675
1596,0.205066667
1597,0.172566667
1598,0.160366667
1599,0.159433333
1600,0.162
1601,0.169733333
1602,0.178466667
1603,0.1925
1604,0.4046
1605,0.579033333
1606,0.591366667
1607,0.5
1608,0.365766667
1609,0.2656
1610,0.2257
1611,0.203766667
1612,0.190366667
1613,0.1809
1614,0.1847
1615,0.189566667
1616,0.237966667
1617,0.324666667
1618,0.308533333
1619,0.219866667
1620,0.133233333
1621,0.075066667
1622,0.050133333
1623,0.051733333
1624,0.068333333
1625,0.097633333
1626,0.123433333
1627,0.129033333
1628,0.2248
1629,0.311066667
1630,0.340633333
1631,0.322533333
1632,0.288266667
1633,0.128066667
1634,0.109666667
1635,0.108433333
1636,0.121033333
1637,0.1376
1638,0.132933333
1639,0.119966667
1640,0.121466667
1641,0.1332
1642,0.147966667
1643,0.128066667
1644,0.1023
1645,0.083466667
1646,0.076366667
1647,0.090233333
1648,0.1188
1649,0.1548
1650,0.190133333
1651,0.245133333
1652,0.364166667
1653,0.366266667
1654,0.2924
1655,0.2224
1656,0.170266667
1657,0.1286
1658,0.096833333
1659,0.088733333
1660,0.0952
1661,0.107033333
1662,0.123333333
1663,0.141433333
1664,0.169966667
1665,0.2668
1666,0.429533333
1667,0.4181
1668,0.3312
1669,0.253933333
1670,0.210833333
1671,0.219133333
1672,0.260733333
1673,0.282166667
1674,0.2655
1675,0.2373
1676,0.312433333
1677,0.300766667
1678,0.2424
1679,0.1985
1680,0.162266667
1681,0.540966667
1682,0.587133333
1683,0.587666667
1684,0.581466667
1685,0.559366667
1686,0.510533333
1687,0.459966667
1688,0.491233333
1689,1.0609
1690,1.471733333
1691,1.297433333
1692,1.049
1693,0.833333333
1694,0.657833333
1695,0.530166667
1696,0.451833333
1697,0.413866667
1698,0.3661
1699,0.3088
1700,0.3558
1701,0.394133333
1702,0.4381
1703,0.4776
1704,0.521333333
1705,1.040366667
1706,0.9212
1707,0.825066667
1708,0.756366667
1709,0.707833333
1710,0.673866667
1711,0.638066667
1712,0.631933333
1713,1.428766667
1714,2.272933333
1715,2.249833333
1716,2.041666667
1717,1.777033333
1718,1.499066667
1719,1.268033333
1720,1.112933333
1721,1.04
1722,0.952
1723,0.798733333
1724,1.077233333
1725,1.3339
1726,1.348433333
1727,1.218
1728,1.107733333
1729,1.410966667
1730,1.218733333
1731,1.0701
1732,0.908966667
1733,0.8124
1734,0.727433333
1735,0.634833333
1736,0.5763
1737,1.162366667
1738,1.6227
1739,1.4759
1740,1.308733333
1741,1.130333333
1742,0.962466667
1743,0.846366667
1744,0.792733333
1745,0.8306
1746,0.9432
1747,0.9392
1748,1.374933333
1749,1.7934
1750,1.889966667
1751,1.836833333
1752,1.7073
1753,0.975333333
1754,0.812033333
1755,0.7041
1756,0.611066667
1757,0.543933333
1758,0.494033333
1759,0.444133333
1760,0.4632
1761,1.0809
1762,1.373566667
1763,1.322433333
1764,1.191633333
1765,1.007733333
1766,0.8572
1767,0.769666667
1768,0.7498
1769,0.801666667
1770,0.905866667
1771,0.9158
1772,1.2379
1773,1.501
1774,1.476866667
1775,1.290233333
1776,1.099933333
1777,0.969833333
1778,0.833666667
1779,0.745566667
1780,0.662066667
1781,0.583833333
1782,0.5179
1783,0.4645
1784,0.573633333
1785,1.4783
1786,1.6403
1787,1.427
1788,1.253766667
1789,1.115433333
1790,1.009166667
1791,0.9621
1792,0.973033333
1793,1.046366667
1794,1.173866667
1795,1.1136
1796,1.320733333
1797,1.487533333
1798,1.436033333
1799,1.2714
1800,1.0819
1801,0.114333333
1802,0.085366667
1803,0.0669
1804,0.066866667
1805,0.081733333
1806,0.115433333
1807,0.1367
1808,0.202833333
1809,0.472533333
1810,0.612666667
1811,0.5846
1812,0.524933333
1813,0.455633333
1814,0.378966667
1815,0.322866667
1816,0.334933333
1817,0.4323
1818,0.543366667
1819,0.557133333
1820,0.589966667
1821,0.534
1822,0.406133333
1823,0.270666667
1824,0.169833333
1825,0.085933333
1826,0.0734
1827,0.065433333
1828,0.061
1829,0.064466667
1830,0.072233333
1831,0.078833333
1832,0.0933
1833,0.082633333
1834,0.069566667
1835,0.069133333
1836,0.0817
1837,0.108233333
1838,0.1465
1839,0.1755
1840,0.200233333
1841,0.220733333
1842,0.224766667
1843,0.2344
1844,0.323966667
1845,0.320633333
1846,0.250333333
1847,0.1768
1848,0.121466667
1849,0.13
1850,0.0927
1851,0.072133333
1852,0.051333333
1853,0.0337
1854,0.0212
1855,0.021433333
1856,0.040533333
1857,0.066466667
1858,0.087333333
1859,0.089266667
1860,0.0804
1861,0.070333333
1862,0.0774
1863,0.112466667
1864,0.156133333
1865,0.178633333
1866,0.186366667
1867,0.205033333
1868,0.377666667
1869,0.4652
1870,0.408366667
1871,0.306333333
1872,0.2017
1873,0.225433333
1874,0.149133333
1875,0.110466667
1876,0.095833333
1877,0.102233333
1878,0.132533333
1879,0.165166667
1880,0.237966667
1881,0.333733333
1882,0.3537
1883,0.2675
1884,0.205066667
1885,0.172566667
1886,0.160366667
1887,0.159433333
1888,0.162
1889,0.169733333
1890,0.178466667
1891,0.1925
1892,0.4046
1893,0.579033333
1894,0.591366667
1895,0.5
1896,0.365766667
1897,0.2656
1898,0.2257
1899,0.203766667
1900,0.190366667
1901,0.1809
1902,0.1847
1903,0.189566667
1904,0.237966667
1905,0.324666667
1906,0.308533333
1907,0.219866667
1908,0.133233333
1909,0.075066667
1910,0.050133333
1911,0.051733333
1912,0.068333333
1913,0.097633333
1914,0.123433333
1915,0.129033333
1916,0.2248
1917,0.311066667
1918,0.340633333
1919,0.322533333
1920,0.288266667
1921,0.128066667
1922,0.109666667
1923,0.108433333
1924,0.121033333
1925,0.1376
1926,0.132933333
1927,0.119966667
1928,0.121466667
1929,0.1332
1930,0.147966667
1931,0.128066667
1932,0.1023
1933,0.083466667
1934,0.076366667
1935,0.090233333
1936,0.1188
1937,0.1548
1938,0.190133333
1939,0.245133333
1940,0.364166667
1941,0.366266667
1942,0.2924
1943,0.2224
1944,0.170266667
1945,0.1286
1946,0.096833333
1947,0.088733333
1948,0.0952
1949,0.107033333
1950,0.123333333
1951,0.141433333
1952,0.169966667
1953,0.2668
1954,0.429533333
1955,0.4181
1956,0.3312
1957,0.253933333
1958,0.210833333
1959,0.219133333
1960,0.260733333
1961,0.282166667
1962,0.2655
1963,0.2373
1964,0.312433333
1965,0.300766667
1966,0.2424
1967,0.1985
1968,0.162266667
1969,0.540966667
1970,0.587133333
1971,0.587666667
1972,0.581466667
1973,0.559366667
1974,0.510533333
1975,0.459966667
1976,0.491233333
1977,1.0609
1978,1.471733333
1979,1.297433333
1980,1.049
1981,0.833333333
1982,0.657833333
1983,0.530166667
1984,0.451833333
1985,0.413866667
1986,0.3661
1987,0.3088
1988,0.3558
1989,0.394133333
1990,0.4381
1991,0.4776
1992,0.521333333
1993,1.040366667
1994,0.9212
1995,0.825066667
1996,0.756366667
1997,0.707833333
1998,0.673866667
1999,0.638066667
2000,0.631933333
2001,1.428766667
2002,2.272933333
2003,2.249833333
2004,2.041666667
2005,1.777033333
2006,1.499066667
2007,1.268033333
2008,1.112933333
2009,1.04
2010,0.952
2011,0.798733333
2012,1.077233333
2013,1.3339
2014,1.348433333
2015,1.218
2016,1.107733333
2017,1.410966667
2018,1.218733333
2019,1.0701
2020,0.908966667
2021,0.8124
2022,0.727433333
2023,0.634833333
2024,0.5763
2025,1.162366667
2026,1.6227
2027,1.4759
2028,1.308733333
2029,1.130333333
2030,0.962466667
2031,0.846366667
2032,0.792733333
2033,0.8306
2034,0.9432
2035,0.9392
2036,1.374933333
2037,1.7934
2038,1.889966667
2039,1.836833333
2040,1.7073
2041,0.975333333
2042,0.812033333
2043,0.7041
2044,0.611066667
2045,0.543933333
2046,0.494033333
2047,0.444133333
2048,0.4632
2049,1.0809
2050,1.373566667
2051,1.322433333
2052,1.191633333
2053,1.007733333
2054,0.8572
2055,0.769666667
2056,0.7498
2057,0.801666667
2058,0.905866667
2059,0.9158
2060,1.2379
2061,1.501
2062,1.476866667
2063,1.290233333
2064,1.099933333
2065,0.969833333
2066,0.833666667
2067,0.745566667
2068,0.662066667
2069,0.583833333
2070,0.5179
2071,0.4645
2072,0.573633333
2073,1.4783
2074,1.6403
2075,1.427
2076,1.253766667
2077,1.115433333
2078,1.009166667
2079,0.9621
2080,0.973033333
2081,1.046366667
2082,1.173866667
2083,1.1136
2084,1.320733333
2085,1.487533333
2086,1.436033333
2087,1.2714
2088,1.0819
2089,0.114333333
2090,0.085366667
2091,0.0669
2092,0.066866667
2093,0.081733333
2094,0.115433333
2095,0.1367
2096,0.202833333
2097,0.472533333
2098,0.612666667
2099,0.5846
2100,0.524933333
2101,0.455633333
2102,0.378966667
2103,0.322866667
2104,0.334933333
2105,0.4323
2106,0.543366667
2107,0.557133333
2108,0.589966667
2109,0.534
2110,0.406133333
2111,0.270666667
2112,0.169833333
2113,0.085933333
2114,0.0734
2115,0.065433333
2116,0.061
2117,0.064466667
2118,0.072233333
2119,0.078833333
2120,0.0933
2121,0.082633333
2122,0.069566667
2123,0.069133333
2124,0.0817
2125,0.108233333
2126,0.1465
2127,0.1755
2128,0.200233333
2129,0.220733333
2130,0.224766667
2131,0.2344
2132,0.323966667
2133,0.320633333
2134,0.250333333
2135,0.1768
2136,0.121466667
2137,0.13
2138,0.0927
2139,0.072133333
2140,0.051333333
2141,0.0337
2142,0.0212
2143,0.021433333
2144,0.040533333
2145,0.066466667
2146,0.087333333
2147,0.089266667
2148,0.0804
2149,0.070333333
2150,0.0774
2151,0.112466667
2152,0.156133333
2153,0.178633333
2154,0.186366667
2155,0.205033333
2156,0.377666667
2157,0.4652
2158,0.408366667
2159,0.306333333
2160,0.2017
2161,0.225433333
2162,0.149133333
2163,0.110466667
2164,0.095833333
2165,0.102233333
2166,0.132533333
2167,0.165166667
2168,0.237966667
2169,0.333733333
2170,0.3537
2171,0.2675
2172,0.205066667
2173,0.172566667
2174,0.160366667
2175,0.159433333
2176,0.162
2177,0.169733333
2178,0.178466667
2179,0.1925
2180,0.4046
2181,0.579033333
2182,0.591366667
2183,0.5
2184,0.365766667
2185,0.2656
2186,0.2257
2187,0.203766667
2188,0.190366667
2189,0.1809
2190,0.1847
2191,0.189566667
2192,0.237966667
2193,0.324666667
2194,0.308533333
2195,0.219866667
2196,0.133233333
2197,0.075066667
2198,0.050133333
2199,0.051733333
2200,0.068333333
2201,0.097633333
2202,0.123433333
2203,0.129033333
2204,0.2248
2205,0.311066667
2206,0.340633333
2207,0.322533333
2208,0.288266667
2209,0.128066667
2210,0.109666667
2211,0.108433333
2212,0.121033333
2213,0.1376
2214,0.132933333
2215,0.119966667
2216,0.121466667
2217,0.1332
2218,0.147966667
2219,0.128066667
2220,0.1023
2221,0.083466667
2222,0.076366667
2223,0.090233333
2224,0.1188
2225,0.1548
2226,0.190133333
2227,0.245133333
2228,0.364166667
2229,0.366266667
2230,0.2924
2231,0.2224
2232,0.170266667
2233,0.1286
2234,0.096833333
2235,0.088733333
2236,0.0952
2237,0.107033333
2238,0.123333333
2239,0.141433333
2240,0.169966667
2241,0.2668
2242,0.429533333
2243,0.4181
2244,0.3312
2245,0.253933333
2246,0.210833333
2247,0.219133333
2248,0.260733333
2249,0.282166667
2250,0.2655
2251,0.2373
2252,0.312433333
2253,0.300766667
2254,0.2424
2255,0.1985
2256,0.162266667
2257,0.540966667
2258,0.587133333
2259,0.587666667
2260,0.581466667
2261,0.559366667
2262,0.510533333
2263,0.459966667
2264,0.491233333
2265,1.0609
2266,1.471733333
2267,1.297433333
2268,1.049
2269,0.833333333
2270,0.657833333
2271,0.530166667
2272,0.451833333
2273,0.413866667
2274,0.3661
2275,0.3088
2276,0.3558
2277,0.394133333
2278,0.4381
2279,0.4776
2280,0.521333333
2281,1.040366667
2282,0.9212
2283,0.825066667
2284,0.756366667
2285,0.707833333
2286,0.673866667
2287,0.638066667
2288,0.631933333
2289,1.428766667
2290,2.272933333
2291,2.249833333
2292,2.041666667
2293,1.777033333
2294,1.499066667
2295,1.268033333
2296,1.112933333
2297,1.04
2298,0.952
2299,0.798733333
2300,1.077233333
2301,1.3339
2302,1.348433333
2303,1.218
2304,1.107733333
2305,1.410966667
2306,1.218733333
2307,1.0701
2308,0.908966667
2309,0.8124
2310,0.727433333
2311,0.634833333
2312,0.5763
2313,1.162366667
2314,1.6227
2315,1.4759
2316,1.308733333
2317,1.130333333
2318,0.962466667
2319,0.846366667
2320,0.792733333
2321,0.8306
2322,0.9432
2323,0.9392
2324,1.374933333
2325,1.7934
2326,1.889966667
2327,1.836833333
2328,1.7073
2329,0.975333333
2330,0.812033333
2331,0.7041
2332,0.611066667
2333,0.543933333
2334,0.494033333
2335,0.444133333
2336,0.4632
2337,1.0809
2338,1.373566667
2339,1.322433333
2340,1.191633333
2341,1.007733333
2342,0.8572
2343,0.769666667
2344,0.7498
2345,0.801666667
2346,0.905866667
2347,0.9158
2348,1.2379
2349,1.501
2350,1.476866667
2351,1.290233333
2352,1.099933333
2353,0.969833333
2354,0.833666667
2355,0.745566667
2356,0.662066667
2357,0.583833333
2358,0.5179
2359,0.4645
2360,0.573633333
2361,1.4783
2362,1.6403
2363,1.427
2364,1.253766667
2365,1.115433333
2366,1.009166667
2367,0.9621
2368,0.973033333
2369,1.046366667
2370,1.173866667
2371,1.1136
2372,1.320733333
2373,1.487533333
2374,1.436033333
2375,1.2714
2376,1.0819
2377,0.114333333
2378,0.085366667
2379,0.0669
2380,0.066866667
2381,0.081733333
2382,0.115433333
2383,0.1367
2384,0.202833333
2385,0.472533333
2386,0.612666667
2387,0.5846
2388,0.524933333
2389,0.455633333
2390,0.378966667
2391,0.322866667
2392,0.334933333
2393,0.4323
2394,0.543366667
2395,0.557133333
2396,0.589966667
2397,0.534
2398,0.406133333
2399,0.270666667
2400,0.169833333
2401,0.085933333
2402,0.0734
2403,0.065433333
2404,0.061
2405,0.064466667
2406,0.072233333
2407,0.078833333
2408,0.0933
2409,0.082633333
2410,0.069566667
2411,0.069133333
2412,0.0817
2413,0.108233333
2414,0.1465
2415,0.1755
2416,0.200233333
2417,0.220733333
2418,0.224766667
2419,0.2344
2420,0.323966667
2421,0.320633333
2422,0.250333333
2423,0.1768
2424,0.121466667
2425,0.13
2426,0.0927
2427,0.072133333
2428,0.051333333
2429,0.0337
2430,0.0212
2431,0.021433333
2432,0.040533333
2433,0.066466667
2434,0.087333333
2435,0.089266667
2436,0.0804
2437,0.070333333
2438,0.0774
2439,0.112466667
2440,0.156133333
2441,0.178633333
2442,0.186366667
2443,0.205033333
2444,0.377666667
2445,0.4652
2446,0.408366667
2447,0.306333333
2448,0.2017
2449,0.225433333
2450,0.149133333
2451,0.110466667
2452,0.095833333
2453,0.102233333
2454,0.132533333
2455,0.165166667
2456,0.237966667
2457,0.333733333
2458,0.3537
2459,0.2675
2460,0.205066667
2461,0.172566667
2462,0.160366667
2463,0.159433333
2464,0.162
2465,0.169733333
2466,0.178466667
2467,0.1925
2468,0.4046
2469,0.579033333
2470,0.591366667
2471,0.5
2472,0.365766667
2473,0.2656
2474,0.2257
2475,0.203766667
2476,0.190366667
2477,0.1809
2478,0.1847
2479,0.189566667
2480,0.237966667
2481,0.324666667
2482,0.308533333
2483,0.219866667
2484,0.133233333
2485,0.075066667
2486,0.050133333
2487,0.051733333
2488,0.068333333
2489,0.097633333
2490,0.123433333
2491,0.129033333
2492,0.2248
2493,0.311066667
2494,0.340633333
2495,0.322533333
2496,0.288266667
2497,0.128066667
2498,0.109666667
2499,0.108433333
2500,0.121033333
2501,0.1376
2502,0.132933333
2503,0.119966667
2504,0.121466667
2505,0.1332
2506,0.147966667
2507,0.128066667
2508,0.1023
2509,0.083466667
2510,0.076366667
2511,0.090233333
2512,0.1188
2513,0.1548
2514,0.190133333
2515,0.245133333
2516,0.364166667
2517,0.366266667
2518,0.2924
2519,0.2224
2520,0.170266667
2521,0.1286
2522,0.096833333
2523,0.088733333
2524,0.0952
2525,0.107033333
2526,0.123333333
2527,0.141433333
2528,0.169966667
2529,0.2668
2530,0.429533333
2531,0.4181
2532,0.3312
2533,0.253933333
2534,0.210833333
2535,0.219133333
2536,0.260733333
2537,0.282166667
2538,0.2655
2539,0.2373
2540,0.312433333
2541,0.300766667
2542,0.2424
2543,0.1985
2544,0.162266667
2545,0.540966667
2546,0.587133333
2547,0.587666667
2548,0.581466667
2549,0.559366667
2550,0.510533333
2551,0.459966667
2552,0.491233333
2553,1.0609
2554,1.471733333
2555,1.297433333
2556,1.049
2557,0.833333333
2558,0.657833333
2559,0.530166667
2560,0.451833333
2561,0.413866667
2562,0.3661
2563,0.3088
2564,0.3558
2565,0.394133333
2566,0.4381
2567,0.4776
2568,0.521333333
2569,1.040366667
2570,0.9212
2571,0.825066667
2572,0.756366667
2573,0.707833333
2574,0.673866667
2575,0.638066667
2576,0.631933333
2577,1.428766667
2578,2.272933333
2579,2.249833333
2580,2.041666667
2581,1.777033333
2582,1.499066667
2583,1.268033333
2584,1.112933333
2585,1.04
2586,0.952
2587,0.798733333
2588,1.077233333
2589,1.3339
2590,1.348433333
2591,1.218
2592,1.107733333
2593,1.410966667
2594,1.218733333
2595,1.0701
2596,0.908966667
2597,0.8124
2598,0.727433333
2599,0.634833333
2600,0.5763
2601,1.162366667
2602,1.6227
2603,1.4759
2604,1.308733333
2605,1.130333333
2606,0.962466667
2607,0.846366667
2608,0.792733333
2609,0.8306
2610,0.9432
2611,0.9392
2612,1.374933333
2613,1.7934
2614,1.889966667
2615,1.836833333
2616,1.7073
2617,0.975333333
2618,0.812033333
2619,0.7041
2620,0.611066667
2621,0.543933333
2622,0.494033333
2623,0.444133333
2624,0.4632
2625,1.0809
2626,1.373566667
2627,1.322433333
2628,1.191633333
2629,1.007733333
2630,0.8572
2631,0.769666667
2632,0.7498
2633,0.801666667
2634,0.905866667
2635,0.9158
2636,1.2379
2637,1.501
2638,1.476866667
2639,1.290233333
2640,1.099933333
2641,0.969833333
2642,0.833666667
2643,0.745566667
2644,0.662066667
2645,0.583833333
2646,0.5179
2647,0.4645
2648,0.573633333
2649,1.4783
2650,1.6403
2651,1.427
2652,1.253766667
2653,1.115433333
2654,1.009166667
2655,0.9621
2656,0.973033333
2657,1.046366667
2658,1.173866667
2659,1.1136
2660,1.320733333
2661,1.487533333
2662,1.436033333
2663,1.2714
2664,1.0819
2665,0.114333333
2666,0.085366667
2667,0.0669
2668,0.066866667
2669,0.081733333
2670,0.115433333
2671,0.1367
2672,0.202833333
2673,0.472533333
2674,0.612666667
2675,0.5846
2676,0.524933333
2677,0.455633333
2678,0.378966667
2679,0.322866667
2680,0.334933333
2681,0.4323
2682,0.543366667
2683,0.557133333
2684,0.589966667
2685,0.534
2686,0.406133333
2687,0.270666667
2688,0.169833333
2689,0.085933333
2690,0.0734
2691,0.065433333
2692,0.061
2693,0.064466667
2694,0.072233333
2695,0.078833333
2696,0.0933
2697,0.082633333
2698,0.069566667
2699,0.069133333
2700,0.0817
2701,0.108233333
2702,0.1465
2703,0.1755
2704,0.200233333
2705,0.220733333
2706,0.224766667
2707,0.2344
2708,0.323966667
2709,0.320633333
2710,0.250333333
2711,0.1768
2712,0.121466667
2713,0.13
2714,0.0927
2715,0.072133333
2716,0.051333333
2717,0.0337
2718,0.0212
2719,0.021433333
2720,0.040533333
2721,0.066466667
2722,0.087333333
2723,0.089266667
2724,0.0804
2725,0.070333333
2726,0.0774
2727,0.112466667
2728,0.156133333
2729,0.178633333
2730,0.186366667
2731,0.205033333
2732,0.377666667
2733,0.4652
2734,0.408366667
2735,0.306333333
2736,0.2017
2737,0.225433333
2738,0.149133333
2739,0.110466667
2740,0.095833333
2741,0.102233333
2742,0.132533333
2743,0.165166667
2744,0.237966667
2745,0.333733333
2746,0.3537
2747,0.2675
2748,0.205066667
2749,0.172566667
2750,0.160366667
2751,0.159433333
2752,0.162
2753,0.169733333
2754,0.178466667
2755,0.1925
2756,0.4046
2757,0.579033333
2758,0.591366667
2759,0.5
2760,0.365766667
2761,0.2656
2762,0.2257
2763,0.203766667
2764,0.190366667
2765,0.1809
2766,0.1847
2767,0.189566667
2768,0.237966667
2769,0.324666667
2770,0.308533333
2771,0.219866667
2772,0.133233333
2773,0.075066667
2774,0.050133333
2775,0.051733333
2776,0.068333333
2777,0.097633333
2778,0.123433333
2779,0.129033333
2780,0.2248
2781,0.311066667
2782,0.340633333
2783,0.322533333
2784,0.288266667
2785,0.128066667
2786,0.109666667
2787,0.108433333
2788,0.121033333
2789,0.1376
2790,0.132933333
2791,0.119966667
2792,0.121466667
2793,0.1332
2794,0.147966667
2795,0.128066667
2796,0.1023
2797,0.083466667
2798,0.076366667
2799,0.090233333
2800,0.1188
2801,0.1548
2802,0.190133333
2803,0.245133333
2804,0.364166667
2805,0.366266667
2806,0.2924
2807,0.2224
2808,0.170266667
2809,0.1286
2810,0.096833333
2811,0.088733333
2812,0.0952
2813,0.107033333
2814,0.123333333
2815,0.141433333
2816,0.169966667
2817,0.2668
2818,0.429533333
2819,0.4181
2820,0.3312
2821,0.253933333
2822,0.210833333
2823,0.219133333
2824,0.260733333
2825,0.282166667
2826,0.2655
2827,0.2373
2828,0.312433333
2829,0.300766667
2830,0.2424
2831,0.1985
2832,0.162266667
2833,0.540966667
2834,0.587133333
2835,0.587666667
2836,0.581466667
2837,0.559366667
2838,0.510533333
2839,0.459966667
2840,0.491233333
2841,1.0609
2842,1.471733333
2843,1.297433333
2844,1.049
2845,0.833333333
2846,0.657833333
2847,0.530166667
2848,0.451833333
2849,0.413866667
2850,0.3661
2851,0.3088
2852,0.3558
2853,0.394133333
2854,0.4381
2855,0.4776
2856,0.521333333
2857,1.040366667
2858,0.9212
2859,0.825066667
2860,0.756366667
2861,0.707833333
2862,0.673866667
2863,0.638066667
2864,0.631933333
2865,1.428766667
2866,2.272933333
2867,2.249833333
2868,2.041666667
2869,1.777033333
2870,1.499066667
2871,1.268033333
2872,1.112933333
2873,1.04
2874,0.952
2875,0.798733333
2876,1.077233333
2877,1.3339
2878,1.348433333
2879,1.218
2880,1.107733333
2881,1.410966667
2882,1.218733333
2883,1.0701
2884,0.908966667
2885,0.8124
2886,0.727433333
2887,0.634833333
2888,0.5763
2889,1.162366667
2890,1.6227
2891,1.4759
2892,1.308733333
2893,1.130333333
2894,0.962466667
2895,0.846366667
2896,0.792733333
2897,0.8306
2898,0.9432
2899,0.9392
2900,1.374933333
2901,1.7934
2902,1.889966667
2903,1.836833333
2904,1.7073
2905,0.975333333
2906,0.812033333
2907,0.7041
2908,0.611066667
2909,0.543933333
2910,0.494033333
2911,0.444133333
2912,0.4632
2913,1.0809
2914,1.373566667
2915,1.322433333
2916,1.191633333
2917,1.007733333
2918,0.8572
2919,0.769666667
2920,0.7498
2921,0.801666667
2922,0.905866667
2923,0.9158
2924,1.2379
2925,1.501
2926,1.476866667
2927,1.290233333
2928,1.099933333
2929,0.969833333
2930,0.833666667
2931,0.745566667
2932,0.662066667
2933,0.583833333
2934,0.5179
2935,0.4645
2936,0.573633333
2937,1.4783
2938,1.6403
2939,1.427
2940,1.253766667
2941,1.115433333
2942,1.009166667
2943,0.9621
2944,0.973033333
2945,1.046366667
2946,1.173866667
2947,1.1136
2948,1.320733333
2949,1.487533333
2950,1.436033333
2951,1.2714
2952,1.0819
2953,0.114333333
2954,0.085366667
2955,0.0669
2956,0.066866667
2957,0.081733333
2958,0.115433333
2959,0.1367
2960,0.202833333
2961,0.472533333
2962,0.612666667
2963,0.5846
2964,0.524933333
2965,0.455633333
2966,0.378966667
2967,0.322866667
2968,0.334933333
2969,0.4323
2970,0.543366667
2971,0.557133333
2972,0.589966667
2973,0.534
2974,0.406133333
2975,0.270666667
2976,0.169833333
2977,0.085933333
2978,0.0734
2979,0.065433333
2980,0.061
2981,0.064466667
2982,0.072233333
2983,0.078833333
2984,0.0933
2985,0.082633333
2986,0.069566667
2987,0.069133333
2988,0.0817
2989,0.108233333
2990,0.1465
2991,0.1755
2992,0.200233333
2993,0.220733333
2994,0.224766667
2995,0.2344
2996,0.323966667
2997,0.320633333
2998,0.250333333
2999,0.1768
3000,0.121466667
3001,0.13
3002,0.0927
3003,0.072133333
3004,0.051333333
3005,0.0337
3006,0.0212
3007,0.021433333
3008,0.040533333
3009,0.066466667
3010,0.087333333
3011,0.089266667
3012,0.0804
3013,0.070333333
3014,0.0774
3015,0.112466667
3016,0.156133333
3017,0.178633333
3018,0.186366667
3019,0.205033333
3020,0.377666667
3021,0.4652
3022,0.408366667
3023,0.306333333
3024,0.2017
3025,0.225433333
3026,0.149133333
3027,0.110466667
3028,0.095833333
3029,0.102233333
3030,0.132533333
3031,0.165166667
3032,0.237966667
3033,0.333733333
3034,0.3537
3035,0.2675
3036,0.205066667
3037,0.172566667
3038,0.160366667
3039,0.159433333
3040,0.162
3041,0.169733333
3042,0.178466667
3043,0.1925
3044,0.4046
3045,0.579033333
3046,0.591366667
3047,0.5
3048,0.365766667
3049,0.2656
3050,0.2257
3051,0.203766667
3052,0.190366667
3053,0.1809
3054,0.1847
3055,0.189566667
3056,0.237966667
3057,0.324666667
3058,0.308533333
3059,0.219866667
3060,0.133233333
3061,0.075066667
3062,0.050133333
3063,0.051733333
3064,0.068333333
3065,0.097633333
3066,0.123433333
3067,0.129033333
3068,0.2248
3069,0.311066667
3070,0.340633333
3071,0.322533333
3072,0.288266667
3073,0.128066667
3074,0.109666667
3075,0.108433333
3076,0.121033333
3077,0.1376
3078,0.132933333
3079,0.119966667
3080,0.121466667
3081,0.1332
3082,0.147966667
3083,0.128066667
3084,0.1023
3085,0.083466667
3086,0.076366667
3087,0.090233333
3088,0.1188
3089,0.1548
3090,0.190133333
3091,0.245133333
3092,0.364166667
3093,0.366266667
3094,0.2924
3095,0.2224
3096,0.170266667
3097,0.1286
3098,0.096833333
3099,0.088733333
3100,0.0952
3101,0.107033333
3102,0.123333333
3103,0.141433333
3104,0.169966667
3105,0.2668
3106,0.429533333
3107,0.4181
3108,0.3312
3109,0.253933333
3110,0.210833333
3111,0.219133333
3112,0.260733333
3113,0.282166667
3114,0.2655
3115,0.2373
3116,0.312433333
3117,0.300766667
3118,0.2424
3119,0.1985
3120,0.162266667
3121,0.540966667
3122,0.587133333
3123,0.587666667
3124,0.581466667
3125,0.559366667
3126,0.510533333
3127,0.459966667
3128,0.491233333
3129,1.0609
3130,1.471733333
3131,1.297433333
3132,1.049
3133,0.833333333
3134,0.657833333
3135,0.530166667
3136,0.451833333
3137,0.413866667
3138,0.3661
3139,0.3088
3140,0.3558
3141,0.394133333
3142,0.4381
3143,0.4776
3144,0.521333333
3145,1.040366667
3146,0.9212
3147,0.825066667
3148,0.756366667
3149,0.707833333
3150,0.673866667
3151,0.638066667
3152,0.631933333
3153,1.428766667
3154,2.272933333
3155,2.249833333
3156,2.041666667
3157,1.777033333
3158,1.499066667
3159,1.268033333
3160,1.112933333
3161,1.04
3162,0.952
3163,0.798733333
3164,1.077233333
3165,1.3339
3166,1.348433333
3167,1.218
3168,1.107733333
3169,1.410966667
3170,1.218733333
3171,1.0701
3172,0.908966667
3173,0.8124
3174,0.727433333
3175,0.634833333
3176,0.5763
3177,1.162366667
3178,1.6227
3179,1.4759
3180,1.308733333
3181,1.130333333
3182,0.962466667
3183,0.846366667
3184,0.792733333
3185,0.8306
3186,0.9432
3187,0.9392
3188,1.374933333
3189,1.7934
3190,1.889966667
3191,1.836833333
3192,1.7073
3193,0.975333333
3194,0.812033333
3195,0.7041
3196,0.611066667
3197,0.543933333
3198,0.494033333
3199,0.444133333
3200,0.4632
3201,1.0809
3202,1.373566667
3203,1.322433333
3204,1.191633333
3205,1.007733333
3206,0.8572
3207,0.769666667
3208,0.7498
3209,0.801666667
3210,0.905866667
3211,0.9158
3212,1.2379
3213,1.501
3214,1.476866667
3215,1.290233333
3216,1.099933333
3217,0.969833333
3218,0.833666667
3219,0.745566667
3220,0.662066667
3221,0.583833333
3222,0.5179
3223,0.4645
3224,0.573633333
3225,1.4783
3226,1.6403
3227,1.427
3228,1.253766667
3229,1.115433333
3230,1.009166667
3231,0.9621
3232,0.973033333
3233,1.046366667
3234,1.173866667
3235,1.1136
3236,1.320733333
3237,1.487533333
3238,1.436033333
3239,1.2714
3240,1.0819
3241,0.114333333
3242,0.085366667
3243,0.0669
3244,0.066866667
3245,0.081733333
3246,0.115433333
3247,0.1367
3248,0.202833333
3249,0.472533333
3250,0.612666667
3251,0.5846
3252,0.524933333
3253,0.455633333
3254,0.378966667
3255,0.322866667
3256,0.334933333
3257,0.4323
3258,0.543366667
3259,0.557133333
3260,0.589966667
3261,0.534
3262,0.406133333
3263,0.270666667
3264,0.169833333
3265,0.085933333
3266,0.0734
3267,0.065433333
3268,0.061
3269,0.064466667
3270,0.072233333
3271,0.078833333
3272,0.0933
3273,0.082633333
3274,0.069566667
3275,0.069133333
3276,0.0817
3277,0.108233333
3278,0.1465
3279,0.1755
3280,0.200233333
3281,0.220733333
3282,0.224766667
3283,0.2344
3284,0.323966667
3285,0.320633333
3286,0.250333333
3287,0.1768
3288,0.121466667
3289,0.13
3290,0.0927
3291,0.072133333
3292,0.051333333
3293,0.0337
3294,0.0212
3295,0.021433333
3296,0.040533333
3297,0.066466667
3298,0.087333333
3299,0.089266667
3300,0.0804
3301,0.070333333
3302,0.0774
3303,0.112466667
3304,0.156133333
3305,0.178633333
3306,0.186366667
3307,0.205033333
3308,0.377666667
3309,0.4652
3310,0.408366667
3311,0.306333333
3312,0.2017
3313,0.225433333
3314,0.149133333
3315,0.110466667
3316,0.095833333
3317,0.102233333
3318,0.132533333
3319,0.165166667
3320,0.237966667
3321,0.333733333
3322,0.3537
3323,0.2675
3324,0.205066667
3325,0.172566667
3326,0.160366667
3327,0.159433333
3328,0.162
3329,0.169733333
3330,0.178466667
3331,0.1925
3332,0.4046
3333,0.579033333
3334,0.591366667
3335,0.5
3336,0.365766667
3337,0.2656
3338,0.2257
3339,0.203766667
3340,0.190366667
3341,0.1809
3342,0.1847
3343,0.189566667
3344,0.237966667
3345,0.324666667
3346,0.308533333
3347,0.219866667
3348,0.133233333
3349,0.075066667
3350,0.050133333
3351,0.051733333
3352,0.068333333
3353,0.097633333
3354,0.123433333
3355,0.129033333
3356,0.2248
3357,0.311066667
3358,0.340633333
3359,0.322533333
3360,0.288266667
3361,0.128066667
3362,0.109666667
3363,0.108433333
3364,0.121033333
3365,0.1376
3366,0.132933333
3367,0.119966667
3368,0.121466667
3369,0.1332
3370,0.147966667
3371,0.128066667
3372,0.1023
3373,0.083466667
3374,0.076366667
3375,0.090233333
3376,0.1188
3377,0.1548
3378,0.190133333
3379,0.245133333
3380,0.364166667
3381,0.366266667
3382,0.2924
3383,0.2224
3384,0.170266667
3385,0.1286
3386,0.096833333
3387,0.088733333
3388,0.0952
3389,0.107033333
3390,0.123333333
3391,0.141433333
3392,0.169966667
3393,0.2668
3394,0.429533333
3395,0.4181
3396,0.3312
3397,0.253933333
3398,0.210833333
3399,0.219133333
3400,0.260733333
3401,0.282166667
3402,0.2655
3403,0.2373
3404,0.312433333
3405,0.300766667
3406,0.2424
3407,0.1985
3408,0.162266667
3409,0.540966667
3410,0.587133333
3411,0.587666667
3412,0.581466667
3413,0.559366667
3414,0.510533333
3415,0.459966667
3416,0.491233333
3417,1.0609
3418,1.471733333
3419,1.297433333
3420,1.049
3421,0.833333333
3422,0.657833333
3423,0.530166667
3424,0.451833333
3425,0.413866667
3426,0.3661
3427,0.3088
3428,0.3558
3429,0.394133333
3430,0.4381
3431,0.4776
3432,0.521333333
3433,1.040366667
3434,0.9212
3435,0.825066667
3436,0.756366667
3437,0.707833333
3438,0.673866667
3439,0.638066667
3440,0.631933333
3441,1.428766667
3442,2.272933333
3443,2.249833333
3444,2.041666667
3445,1.777033333
3446,1.499066667
3447,1.268033333
3448,1.112933333
3449,1.04
3450,0.952
3451,0.798733333
3452,1.077233333
3453,1.3339
3454,1.348433333
3455,1.218
3456,1.107733333
3457,1.410966667
3458,1.218733333
3459,1.0701
3460,0.908966667
3461,0.8124
3462,0.727433333
3463,0.634833333
3464,0.5763
3465,1.162366667
3466,1.6227
3467,1.4759
3468,1.308733333
3469,1.130333333
3470,0.962466667
3471,0.846366667
3472,0.792733333
3473,0.8306
3474,0.9432
3475,0.9392
3476,1.374933333
3477,1.7934
3478,1.889966667
3479,1.836833333
3480,1.7073
3481,0.975333333
3482,0.812033333
3483,0.7041
3484,0.611066667
3485,0.543933333
3486,0.494033333
3487,0.444133333
3488,0.4632
3489,1.0809
3490,1.373566667
3491,1.322433333
3492,1.191633333
3493,1.007733333
3494,0.8572
3495,0.769666667
3496,0.7498
3497,0.801666667
3498,0.905866667
3499,0.9158
3500,1.2379
3501,1.501
3502,1.476866667
3503,1.290233333
3504,1.099933333
3505,0.969833333
3506,0.833666667
3507,0.745566667
3508,0.662066667
3509,0.583833333
3510,0.5179
3511,0.4645
3512,0.573633333
3513,1.4783
3514,1.6403
3515,1.427
3516,1.253766667
3517,1.115433333
3518,1.009166667
3519,0.9621
3520,0.973033333
3521,1.046366667
3522,1.173866667
3523,1.1136
3524,1.320733333
3525,1.487533333
3526,1.436033333
3527,1.2714
3528,1.0819
3529,0.114333333
3530,0.085366667
3531,0.0669
3532,0.066866667
3533,0.081733333
3534,0.115433333
3535,0.1367
3536,0.202833333
3537,0.472533333
3538,0.612666667
3539,0.5846
3540,0.524933333
3541,0.455633333
3542,0.378966667
3543,0.322866667
3544,0.334933333
3545,0.4323
3546,0.543366667
3547,0.557133333
3548,0.589966667
3549,0.534
3550,0.406133333
3551,0.270666667
3552,0.169833333
3553,0.085933333
3554,0.0734
3555,0.065433333
3556,0.061
3557,0.064466667
3558,0.072233333
3559,0.078833333
3560,0.0933
3561,0.082633333
3562,0.069566667
3563,0.069133333
3564,0.0817
3565,0.108233333
3566,0.1465
3567,0.1755
3568,0.200233333
3569,0.220733333
3570,0.224766667
3571,0.2344
3572,0.323966667
3573,0.320633333
3574,0.250333333
3575,0.1768
3576,0.121466667
3577,0.13
3578,0.0927
3579,0.072133333
3580,0.051333333
3581,0.0337
3582,0.0212
3583,0.021433333
3584,0.040533333
3585,0.066466667
3586,0.087333333
3587,0.089266667
3588,0.0804
3589,0.070333333
3590,0.0774
3591,0.112466667
3592,0.156133333
3593,0.178633333
3594,0.186366667
3595,0.205033333
3596,0.377666667
3597,0.4652
3598,0.408366667
3599,0.306333333
3600,0.2017
3601,0.225433333
3602,0.149133333
3603,0.110466667
3604,0.095833333
3605,0.102233333
3606,0.132533333
3607,0.165166667
3608,0.237966667
3609,0.333733333
3610,0.3537
3611,0.2675
3612,0.205066667
3613,0.172566667
3614,0.160366667
3615,0.159433333
3616,0.162
3617,0.169733333
3618,0.178466667
3619,0.1925
3620,0.4046
3621,0.579033333
3622,0.591366667
3623,0.5
3624,0.365766667
3625,0.2656
3626,0.2257
3627,0.203766667
3628,0.190366667
3629,0.1809
3630,0.1847
3631,0.189566667
3632,0.237966667
3633,0.324666667
3634,0.308533333
3635,0.219866667
3636,0.133233333
3637,0.075066667
3638,0.050133333
3639,0.051733333
3640,0.068333333
3641,0.097633333
3642,0.123433333
3643,0.129033333
3644,0.2248
3645,0.311066667
3646,0.340633333
3647,0.322533333
3648,0.288266667
3649,0.128066667
3650,0.109666667
3651,0.108433333
3652,0.121033333
3653,0.1376
3654,0.132933333
3655,0.119966667
3656,0.121466667
3657,0.1332
3658,0.147966667
3659,0.128066667
3660,0.1023
3661,0.083466667
3662,0.076366667
3663,0.090233333
3664,0.1188
3665,0.1548
3666,0.190133333
3667,0.245133333
3668,0.364166667
3669,0.366266667
3670,0.2924
3671,0.2224
3672,0.170266667
3673,0.1286
3674,0.096833333
3675,0.088733333
3676,0.0952
3677,0.107033333
3678,0.123333333
3679,0.141433333
3680,0.169966667
3681,0.2668
3682,0.429533333
3683,0.4181
3684,0.3312
3685,0.253933333
3686,0.210833333
3687,0.219133333
3688,0.260733333
3689,0.282166667
3690,0.2655
3691,0.2373
3692,0.312433333
3693,0.300766667
3694,0.2424
3695,0.1985
3696,0.162266667
3697,0.540966667
3698,0.587133333
3699,0.587666667
3700,0.581466667
3701,0.559366667
3702,0.510533333
3703,0.459966667
3704,0.491233333
3705,1.0609
3706,1.471733333
3707,1.297433333
3708,1.049
3709,0.833333333
3710,0.657833333
3711,0.530166667
3712,0.451833333
3713,0.413866667
3714,0.3661
3715,0.3088
3716,0.3558
3717,0.394133333
3718,0.4381
3719,0.4776
3720,0.521333333
3721,1.040366667
3722,0.9212
3723,0.825066667
3724,0.756366667
3725,0.707833333
3726,0.673866667
3727,0.638066667
3728,0.631933333
3729,1.428766667
3730,2.272933333
3731,2.249833333
3732,2.041666667
3733,1.777033333
3734,1.499066667
3735,1.268033333
3736,1.112933333
3737,1.04
3738,0.952
3739,0.798733333
3740,1.077233333
3741,1.3339
3742,1.348433333
3743,1.218
3744,1.107733333
3745,1.410966667
3746,1.218733333
3747,1.0701
3748,0.908966667
3749,0.8124
3750,0.727433333
3751,0.634833333
3752,0.5763
3753,1.162366667
3754,1.6227
3755,1.4759
3756,1.308733333
3757,1.130333333
3758,0.962466667
3759,0.846366667
3760,0.792733333
3761,0.8306
3762,0.9432
3763,0.9392
3764,1.374933333
3765,1.7934
3766,1.889966667
3767,1.836833333
3768,1.7073
3769,0.975333333
3770,0.812033333
3771,0.7041
3772,0.611066667
3773,0.543933333
3774,0.494033333
3775,0.444133333
3776,0.4632
3777,1.0809
3778,1.373566667
3779,1.322433333
3780,1.191633333
3781,1.007733333
3782,0.8572
3783,0.769666667
3784,0.7498
3785,0.801666667
3786,0.905866667
3787,0.9158
3788,1.2379
3789,1.501
3790,1.476866667
3791,1.290233333
3792,1.099933333
3793,0.969833333
3794,0.833666667
3795,0.745566667
3796,0.662066667
3797,0.583833333
3798,0.5179
3799,0.4645
3800,0.573633333
3801,1.4783
3802,1.6403
3803,1.427
3804,1.253766667
3805,1.115433333
3806,1.009166667
3807,0.9621
3808,0.973033333
3809,1.046366667
3810,1.173866667
3811,1.1136
3812,1.320733333
3813,1.487533333
3814,1.436033333
3815,1.2714
3816,1.0819
3817,0.114333333
3818,0.085366667
3819,0.0669
3820,0.066866667
3821,0.081733333
3822,0.115433333
3823,0.1367
3824,0.202833333
3825,0.472533333
3826,0.612666667
3827,0.5846
3828,0.524933333
3829,0.455633333
3830,0.378966667
3831,0.322866667
3832,0.334933333
3833,0.4323
3834,0.543366667
3835,0.557133333
3836,0.589966667
3837,0.534
3838,0.406133333
3839,0.270666667
3840,0.169833333
3841,0.085933333
3842,0.0734
3843,0.065433333
3844,0.061
3845,0.064466667
3846,0.072233333
3847,0.078833333
3848,0.0933
3849,0.082633333
3850,0.069566667
3851,0.069133333
3852,0.0817
3853,0.108233333
3854,0.1465
3855,0.1755
3856,0.200233333
3857,0.220733333
3858,0.224766667
3859,0.2344
3860,0.323966667
3861,0.320633333
3862,0.250333333
3863,0.1768
3864,0.121466667
3865,0.13
3866,0.0927
3867,0.072133333
3868,0.051333333
3869,0.0337
3870,0.0212
3871,0.021433333
3872,0.040533333
3873,0.066466667
3874,0.087333333
3875,0.089266667
3876,0.0804
3877,0.070333333
3878,0.0774
3879,0.112466667
3880,0.156133333
3881,0.178633333
3882,0.186366667
3883,0.205033333
3884,0.377666667
3885,0.4652
3886,0.408366667
3887,0.306333333
3888,0.2017
3889,0.225433333
3890,0.149133333
3891,0.110466667
3892,0.095833333
3893,0.102233333
3894,0.132533333
3895,0.165166667
3896,0.237966667
3897,0.333733333
3898,0.3537
3899,0.2675
3900,0.205066667
3901,0.172566667
3902,0.160366667
3903,0.159433333
3904,0.162
3905,0.169733333
3906,0.178466667
3907,0.1925
3908,0.4046
3909,0.579033333
3910,0.591366667
3911,0.5
3912,0.365766667
3913,0.2656
3914,0.2257
3915,0.203766667
3916,0.190366667
3917,0.1809
3918,0.1847
3919,0.189566667
3920,0.237966667
3921,0.324666667
3922,0.308533333
3923,0.219866667
3924,0.133233333
3925,0.075066667
3926,0.050133333
3927,0.051733333
3928,0.068333333
3929,0.097633333
3930,0.123433333
3931,0.129033333
3932,0.2248
3933,0.311066667
3934,0.340633333
3935,0.322533333
3936,0.288266667
3937,0.128066667
3938,0.109666667
3939,0.108433333
3940,0.121033333
3941,0.1376
3942,0.132933333
3943,0.119966667
3944,0.121466667
3945,0.1332
3946,0.147966667
3947,0.128066667
3948,0.1023
3949,0.083466667
3950,0.076366667
3951,0.090233333
3952,0.1188
3953,0.1548
3954,0.190133333
3955,0.245133333
3956,0.364166667
3957,0.366266667
3958,0.2924
3959,0.2224
3960,0.170266667
3961,0.1286
3962,0.096833333
3963,0.088733333
3964,0.0952
3965,0.107033333
3966,0.123333333
3967,0.141433333
3968,0.169966667
3969,0.2668
3970,0.429533333
3971,0.4181
3972,0.3312
3973,0.253933333
3974,0.210833333
3975,0.219133333
3976,0.260733333
3977,0.282166667
3978,0.2655
3979,0.2373
3980,0.312433333
3981,0.300766667
3982,0.2424
3983,0.1985
3984,0.162266667
3985,0.540966667
3986,0.587133333
3987,0.587666667
3988,0.581466667
3989,0.559366667
3990,0.510533333
3991,0.459966667
3992,0.491233333
3993,1.0609
3994,1.471733333
3995,1.297433333
3996,1.049
3997,0.833333333
3998,0.657833333
3999,0.530166667
4000,0.451833333
4001,0.413866667
4002,0.3661
4003,0.3088
4004,0.3558
4005,0.394133333
4006,0.4381
4007,0.4776
4008,0.521333333
4009,1.040366667
4010,0.9212
4011,0.825066667
4012,0.756366667
4013,0.707833333
4014,0.673866667
4015,0.638066667
4016,0.631933333
4017,1.428766667
4018,2.272933333
4019,2.249833333
4020,2.041666667
4021,1.777033333
4022,1.499066667
4023,1.268033333
4024,1.112933333
4025,1.04
4026,0.952
4027,0.798733333
4028,1.077233333
4029,1.3339
4030,1.348433333
4031,1.218
4032,1.107733333
4033,1.410966667
4034,1.218733333
4035,1.0701
4036,0.908966667
4037,0.8124
4038,0.727433333
4039,0.634833333
4040,0.5763
4041,1.162366667
4042,1.6227
4043,1.4759
4044,1.308733333
4045,1.130333333
4046,0.962466667
4047,0.846366667
4048,0.792733333
4049,0.8306
4050,0.9432
4051,0.9392
4052,1.374933333
4053,1.7934
4054,1.889966667
4055,1.836833333
4056,1.7073
4057,0.975333333
4058,0.812033333
4059,0.7041
4060,0.611066667
4061,0.543933333
4062,0.494033333
4063,0.444133333
4064,0.4632
4065,1.0809
4066,1.373566667
4067,1.322433333
4068,1.191633333
4069,1.007733333
4070,0.8572
4071,0.769666667
4072,0.7498
4073,0.801666667
4074,0.905866667
4075,0.9158
4076,1.2379
4077,1.501
4078,1.476866667
4079,1.290233333
4080,1.099933333
4081,0.969833333
4082,0.833666667
4083,0.745566667
4084,0.662066667
4085,0.583833333
4086,0.5179
4087,0.4645
4088,0.573633333
4089,1.4783
4090,1.6403
4091,1.427
4092,1.253766667
4093,1.115433333
4094,1.009166667
4095,0.9621
4096,0.973033333
4097,1.046366667
4098,1.173866667
4099,1.1136
4100,1.320733333
4101,1.487533333
4102,1.436033333
4103,1.2714
4104,1.0819
4105,0.114333333
4106,0.085366667
4107,0.0669
4108,0.066866667
4109,0.081733333
4110,0.115433333
4111,0.1367
4112,0.202833333
4113,0.472533333
4114,0.612666667
4115,0.5846
4116,0.524933333
4117,0.455633333
4118,0.378966667
4119,0.322866667
4120,0.334933333
4121,0.4323
4122,0.543366667
4123,0.557133333
4124,0.589966667
4125,0.534
4126,0.406133333
4127,0.270666667
4128,0.169833333
4129,0.085933333
4130,0.0734
4131,0.065433333
4132,0.061
4133,0.064466667
4134,0.072233333
4135,0.078833333
4136,0.0933
4137,0.082633333
4138,0.069566667
4139,0.069133333
4140,0.0817
4141,0.108233333
4142,0.1465
4143,0.1755
4144,0.200233333
4145,0.220733333
4146,0.224766667
4147,0.2344
4148,0.323966667
4149,0.320633333
4150,0.250333333
4151,0.1768
4152,0.121466667
4153,0.13
4154,0.0927
4155,0.072133333
4156,0.051333333
4157,0.0337
4158,0.0212
4159,0.021433333
4160,0.040533333
4161,0.066466667
4162,0.087333333
4163,0.089266667
4164,0.0804
4165,0.070333333
4166,0.0774
4167,0.112466667
4168,0.156133333
4169,0.178633333
4170,0.186366667
4171,0.205033333
4172,0.377666667
4173,0.4652
4174,0.408366667
4175,0.306333333
4176,0.2017
4177,0.225433333
4178,0.149133333
4179,0.110466667
4180,0.095833333
4181,0.102233333
4182,0.132533333
4183,0.165166667
4184,0.237966667
4185,0.333733333
4186,0.3537
4187,0.2675
4188,0.205066667
4189,0.172566667
4190,0.160366667
4191,0.159433333
4192,0.162
4193,0.169733333
4194,0.178466667
4195,0.1925
4196,0.4046
4197,0.579033333
4198,0.591366667
4199,0.5
4200,0.365766667
4201,0.2656
4202,0.2257
4203,0.203766667
4204,0.190366667
4205,0.1809
4206,0.1847
4207,0.189566667
4208,0.237966667
4209,0.324666667
4210,0.308533333
4211,0.219866667
4212,0.133233333
4213,0.075066667
4214,0.050133333
4215,0.051733333
4216,0.068333333
4217,0.097633333
4218,0.123433333
4219,0.129033333
4220,0.2248
4221,0.311066667
4222,0.340633333
4223,0.322533333
4224,0.288266667
4225,0.128066667
4226,0.109666667
4227,0.108433333
4228,0.121033333
4229,0.1376
4230,0.132933333
4231,0.119966667
4232,0.121466667
4233,0.1332
4234,0.147966667
4235,0.128066667
4236,0.1023
4237,0.083466667
4238,0.076366667
4239,0.090233333
4240,0.1188
4241,0.1548
4242,0.190133333
4243,0.245133333
4244,0.364166667
4245,0.366266667
4246,0.2924
4247,0.2224
4248,0.170266667
4249,0.1286
4250,0.096833333
4251,0.088733333
4252,0.0952
4253,0.107033333
4254,0.123333333
4255,0.141433333
4256,0.169966667
4257,0.2668
4258,0.429533333
4259,0.4181
4260,0.3312
4261,0.253933333
4262,0.210833333
4263,0.219133333
4264,0.260733333
4265,0.282166667
4266,0.2655
4267,0.2373
4268,0.312433333
4269,0.300766667
4270,0.2424
4271,0.1985
4272,0.162266667
4273,0.540966667
4274,0.587133333
4275,0.587666667
4276,0.581466667
4277,0.559366667
4278,0.510533333
4279,0.459966667
4280,0.491233333
4281,1.0609
4282,1.471733333
4283,1.297433333
4284,1.049
4285,0.833333333
4286,0.657833333
4287,0.530166667
4288,0.451833333
4289,0.413866667
4290,0.3661
4291,0.3088
4292,0.3558
4293,0.394133333
4294,0.4381
4295,0.4776
4296,0.521333333
4297,1.040366667
4298,0.9212
4299,0.825066667
4300,0.756366667
4301,0.707833333
4302,0.673866667
4303,0.638066667
4304,0.631933333
4305,1.428766667
4306,2.272933333
4307,2.249833333
4308,2.041666667
4309,1.777033333
4310,1.499066667
4311,1.268033333
4312,1.112933333
4313,1.04
4314,0.952
4315,0.798733333
4316,1.077233333
4317,1.3339
4318,1.348433333
4319,1.218
4320,1.107733333
4321,1.410966667
4322,1.218733333
4323,1.0701
4324,0.908966667
4325,0.8124
4326,0.727433333
4327,0.634833333
4328,0.5763
4329,1.162366667
4330,1.6227
4331,1.4759
4332,1.308733333
4333,1.130333333
4334,0.962466667
4335,0.846366667
4336,0.792733333
4337,0.8306
4338,0.9432
4339,0.9392
4340,1.374933333
4341,1.7934
4342,1.889966667
4343,1.836833333
4344,1.7073
4345,0.975333333
4346,0.812033333
4347,0.7041
4348,0.611066667
4349,0.543933333
4350,0.494033333
4351,0.444133333
4352,0.4632
4353,1.0809
4354,1.373566667
4355,1.322433333
4356,1.191633333
4357,1.007733333
4358,0.8572
4359,0.769666667
4360,0.7498
4361,0.801666667
4362,0.905866667
4363,0.9158
4364,1.2379
4365,1.501
4366,1.476866667
4367,1.290233333
4368,1.099933333
4369,0.969833333
4370,0.833666667
4371,0.745566667
4372,0.662066667
4373,0.583833333
4374,0.5179
4375,0.4645
4376,0.573633333
4377,1.4783
4378,1.6403
4379,1.427
4380,1.253766667
4381,1.115433333
4382,1.009166667
4383,0.9621
4384,0.973033333
4385,1.046366667
4386,1.173866667
4387,1.1136
4388,1.320733333
4389,1.487533333
4390,1.436033333
4391,1.2714
4392,1.0819
4393,0.114333333
4394,0.085366667
4395,0.0669
4396,0.066866667
4397,0.081733333
4398,0.115433333
4399,0.1367
4400,0.202833333
4401,0.472533333
4402,0.612666667
4403,0.5846
4404,0.524933333
4405,0.455633333
4406,0.378966667
4407,0.322866667
4408,0.334933333
4409,0.4323
4410,0.543366667
4411,0.557133333
4412,0.589966667
4413,0.534
4414,0.406133333
4415,0.270666667
4416,0.169833333
4417,0.085933333
4418,0.0734
4419,0.065433333
4420,0.061
4421,0.064466667
4422,0.072233333
4423,0.078833333
4424,0.0933
4425,0.082633333
4426,0.069566667
4427,0.069133333
4428,0.0817
4429,0.108233333
4430,0.1465
4431,0.1755
4432,0.200233333
4433,0.220733333
4434,0.224766667
4435,0.2344
4436,0.323966667
4437,0.320633333
4438,0.250333333
4439,0.1768
4440,0.121466667
4441,0.13
4442,0.0927
4443,0.072133333
4444,0.051333333
4445,0.0337
4446,0.0212
4447,0.021433333
4448,0.040533333
4449,0.066466667
4450,0.087333333
4451,0.089266667
4452,0.0804
4453,0.070333333
4454,0.0774
4455,0.112466667
4456,0.156133333
4457,0.178633333
4458,0.186366667
4459,0.205033333
4460,0.377666667
4461,0.4652
4462,0.408366667
4463,0.306333333
4464,0.2017
4465,0.225433333
4466,0.149133333
4467,0.110466667
4468,0.095833333
4469,0.102233333
4470,0.132533333
4471,0.165166667
4472,0.237966667
4473,0.333733333
4474,0.3537
4475,0.2675
4476,0.205066667
4477,0.172566667
4478,0.160366667
4479,0.159433333
4480,0.162
4481,0.169733333
4482,0.178466667
4483,0.1925
4484,0.4046
4485,0.579033333
4486,0.591366667
4487,0.5
4488,0.365766667
4489,0.2656
4490,0.2257
4491,0.203766667
4492,0.190366667
4493,0.1809
4494,0.1847
4495,0.189566667
4496,0.237966667
4497,0.324666667
4498,0.308533333
4499,0.219866667
4500,0.133233333
4501,0.075066667
4502,0.050133333
4503,0.051733333
4504,0.068333333
4505,0.097633333
4506,0.123433333
4507,0.129033333
4508,0.2248
4509,0.311066667
4510,0.340633333
4511,0.322533333
4512,0.288266667
4513,0.128066667
4514,0.109666667
4515,0.108433333
4516,0.121033333
4517,0.1376
4518,0.132933333
4519,0.119966667
4520,0.121466667
4521,0.1332
4522,0.147966667
4523,0.128066667
4524,0.1023
4525,0.083466667
4526,0.076366667
4527,0.090233333
4528,0.1188
4529,0.1548
4530,0.190133333
4531,0.245133333
4532,0.364166667
4533,0.366266667
4534,0.2924
4535,0.2224
4536,0.170266667
4537,0.1286
4538,0.096833333
4539,0.088733333
4540,0.0952
4541,0.107033333
4542,0.123333333
4543,0.141433333
4544,0.169966667
4545,0.2668
4546,0.429533333
4547,0.4181
4548,0.3312
4549,0.253933333
4550,0.210833333
4551,0.219133333
4552,0.260733333
4553,0.282166667
4554,0.2655
4555,0.2373
4556,0.312433333
4557,0.300766667
4558,0.2424
4559,0.1985
4560,0.162266667
4561,0.540966667
4562,0.587133333
4563,0.587666667
4564,0.581466667
4565,0.559366667
4566,0.510533333
4567,0.459966667
4568,0.491233333
4569,1.0609
4570,1.471733333
4571,1.297433333
4572,1.049
4573,0.833333333
4574,0.657833333
4575,0.530166667
4576,0.451833333
4577,0.413866667
4578,0.3661
4579,0.3088
4580,0.3558
4581,0.394133333
4582,0.4381
4583,0.4776
4584,0.521333333
4585,1.040366667
4586,0.9212
4587,0.825066667
4588,0.756366667
4589,0.707833333
4590,0.673866667
4591,0.638066667
4592,0.631933333
4593,1.428766667
4594,2.272933333
4595,2.249833333
4596,2.041666667
4597,1.777033333
4598,1.499066667
4599,1.268033333
4600,1.112933333
4601,1.04
4602,0.952
4603,0.798733333
4604,1.077233333
4605,1.3339
4606,1.348433333
4607,1.218
4608,1.107733333
4609,1.410966667
4610,1.218733333
4611,1.0701
4612,0.908966667
4613,0.8124
4614,0.727433333
4615,0.634833333
4616,0.5763
4617,1.162366667
4618,1.6227
4619,1.4759
4620,1.308733333
4621,1.130333333
4622,0.962466667
4623,0.846366667
4624,0.792733333
4625,0.8306
4626,0.9432
4627,0.9392
4628,1.374933333
4629,1.7934
4630,1.889966667
4631,1.836833333
4632,1.7073
4633,0.975333333
4634,0.812033333
4635,0.7041
4636,0.611066667
4637,0.543933333
4638,0.494033333
4639,0.444133333
4640,0.4632
4641,1.0809
4642,1.373566667
4643,1.322433333
4644,1.191633333
4645,1.007733333
4646,0.8572
4647,0.769666667
4648,0.7498
4649,0.801666667
4650,0.905866667
4651,0.9158
4652,1.2379
4653,1.501
4654,1.476866667
4655,1.290233333
4656,1.099933333
4657,0.969833333
4658,0.833666667
4659,0.745566667
4660,0.662066667
4661,0.583833333
4662,0.5179
4663,0.4645
4664,0.573633333
4665,1.4783
4666,1.6403
4667,1.427
4668,1.253766667
4669,1.115433333
4670,1.009166667
4671,0.9621
4672,0.973033333
4673,1.046366667
4674,1.173866667
4675,1.1136
4676,1.320733333
4677,1.487533333
4678,1.436033333
4679,1.2714
4680,1.0819
4681,0.114333333
4682,0.085366667
4683,0.0669
4684,0.066866667
4685,0.081733333
4686,0.115433333
4687,0.1367
4688,0.202833333
4689,0.472533333
4690,0.612666667
4691,0.5846
4692,0.524933333
4693,0.455633333
4694,0.378966667
4695,0.322866667
4696,0.334933333
4697,0.4323
4698,0.543366667
4699,0.557133333
4700,0.589966667
4701,0.534
4702,0.406133333
4703,0.270666667
4704,0.169833333
4705,0.085933333
4706,0.0734
4707,0.065433333
4708,0.061
4709,0.064466667
4710,0.072233333
4711,0.078833333
4712,0.0933
4713,0.082633333
4714,0.069566667
4715,0.069133333
4716,0.0817
4717,0.108233333
4718,0.1465
4719,0.1755
4720,0.200233333
4721,0.220733333
4722,0.224766667
4723,0.2344
4724,0.323966667
4725,0.320633333
4726,0.250333333
4727,0.1768
4728,0.121466667
4729,0.13
4730,0.0927
4731,0.072133333
4732,0.051333333
4733,0.0337
4734,0.0212
4735,0.021433333
4736,0.040533333
4737,0.066466667
4738,0.087333333
4739,0.089266667
4740,0.0804
4741,0.070333333
4742,0.0774
4743,0.112466667
4744,0.156133333
4745,0.178633333
4746,0.186366667
4747,0.205033333
4748,0.377666667
4749,0.4652
4750,0.408366667
4751,0.306333333
4752,0.2017
4753,0.225433333
4754,0.149133333
4755,0.110466667
4756,0.095833333
4757,0.102233333
4758,0.132533333
4759,0.165166667
4760,0.237966667
4761,0.333733333
4762,0.3537
4763,0.2675
4764,0.205066667
4765,0.172566667
4766,0.160366667
4767,0.159433333
4768,0.162
4769,0.169733333
4770,0.178466667
4771,0.1925
4772,0.4046
4773,0.579033333
4774,0.591366667
4775,0.5
4776,0.365766667
4777,0.2656
4778,0.2257
4779,0.203766667
4780,0.190366667
4781,0.1809
4782,0.1847
4783,0.189566667
4784,0.237966667
4785,0.324666667
4786,0.308533333
4787,0.219866667
4788,0.133233333
4789,0.075066667
4790,0.050133333
4791,0.051733333
4792,0.068333333
4793,0.097633333
4794,0.123433333
4795,0.129033333
4796,0.2248
4797,0.311066667
4798,0.340633333
4799,0.322533333
4800,0.288266667
4801,0.128066667
4802,0.109666667
4803,0.108433333
4804,0.121033333
4805,0.1376
4806,0.132933333
4807,0.119966667
4808,0.121466667
4809,0.1332
4810,0.147966667
4811,0.128066667
4812,0.1023
4813,0.083466667
4814,0.076366667
4815,0.090233333
4816,0.1188
4817,0.1548
4818,0.190133333
4819,0.245133333
4820,0.364166667
4821,0.366266667
4822,0.2924
4823,0.2224
4824,0.170266667
4825,0.1286
4826,0.096833333
4827,0.088733333
4828,0.0952
4829,0.107033333
4830,0.123333333
4831,0.141433333
4832,0.169966667
4833,0.2668
4834,0.429533333
4835,0.4181
4836,0.3312
4837,0.253933333
4838,0.210833333
4839,0.219133333
4840,0.260733333
4841,0.282166667
4842,0.2655
4843,0.2373
4844,0.312433333
4845,0.300766667
4846,0.2424
4847,0.1985
4848,0.162266667
4849,0.540966667
4850,0.587133333
4851,0.587666667
4852,0.581466667
4853,0.559366667
4854,0.510533333
4855,0.459966667
4856,0.491233333
4857,1.0609
4858,1.471733333
4859,1.297433333
4860,1.049
4861,0.833333333
4862,0.657833333
4863,0.530166667
4864,0.451833333
4865,0.413866667
4866,0.3661
4867,0.3088
4868,0.3558
4869,0.394133333
4870,0.4381
4871,0.4776
4872,0.521333333
4873,1.040366667
4874,0.9212
4875,0.825066667
4876,0.756366667
4877,0.707833333
4878,0.673866667
4879,0.638066667
4880,0.631933333
4881,1.428766667
4882,2.272933333
4883,2.249833333
4884,2.041666667
4885,1.777033333
4886,1.499066667
4887,1.268033333
4888,1.112933333
4889,1.04
4890,0.952
4891,0.798733333
4892,1.077233333
4893,1.3339
4894,1.348433333
4895,1.218
4896,1.107733333
4897,1.410966667
4898,1.218733333
4899,1.0701
4900,0.908966667
4901,0.8124
4902,0.727433333
4903,0.634833333
4904,0.5763
4905,1.162366667
4906,1.6227
4907,1.4759
4908,1.308733333
4909,1.130333333
4910,0.962466667
4911,0.846366667
4912,0.792733333
4913,0.8306
4914,0.9432
4915,0.9392
4916,1.374933333
4917,1.7934
4918,1.889966667
4919,1.836833333
4920,1.7073
4921,0.975333333
4922,0.812033333
4923,0.7041
4924,0.611066667
4925,0.543933333
4926,0.494033333
4927,0.444133333
4928,0.4632
4929,1.0809
4930,1.373566667
4931,1.322433333
4932,1.191633333
4933,1.007733333
4934,0.8572
4935,0.769666667
4936,0.7498
4937,0.801666667
4938,0.905866667
4939,0.9158
4940,1.2379
4941,1.501
4942,1.476866667
4943,1.290233333
4944,1.099933333
4945,0.969833333
4946,0.833666667
4947,0.745566667
4948,0.662066667
4949,0.583833333
4950,0.5179
4951,0.4645
4952,0.573633333
4953,1.4783
4954,1.6403
4955,1.427
4956,1.253766667
4957,1.115433333
4958,1.009166667
4959,0.9621
4960,0.973033333
4961,1.046366667
4962,1.173866667
4963,1.1136
4964,1.320733333
4965,1.487533333
4966,1.436033333
4967,1.2714
4968,1.0819
4969,0.114333333
4970,0.085366667
4971,0.0669
4972,0.066866667
4973,0.081733333
4974,0.115433333
4975,0.1367
4976,0.202833333
4977,0.472533333
4978,0.612666667
4979,0.5846
4980,0.524933333
4981,0.455633333
4982,0.378966667
4983,0.322866667
4984,0.334933333
4985,0.4323
4986,0.543366667
4987,0.557133333
4988,0.589966667
4989,0.534
4990,0.406133333
4991,0.270666667
4992,0.169833333
4993,0.085933333
4994,0.0734
4995,0.065433333
4996,0.061
4997,0.064466667
4998,0.072233333
4999,0.078833333
5000,0.0933
5001,0.082633333
5002,0.069566667
5003,0.069133333
5004,0.0817
5005,0.108233333
5006,0.1465
5007,0.1755
5008,0.200233333
5009,0.220733333
5010,0.224766667
5011,0.2344
5012,0.323966667
5013,0.320633333
5014,0.250333333
5015,0.1768
5016,0.121466667
5017,0.13
5018,0.0927
5019,0.072133333
5020,0.051333333
5021,0.0337
5022,0.0212
5023,0.021433333
5024,0.040533333
5025,0.066466667
5026,0.087333333
5027,0.089266667
5028,0.0804
5029,0.070333333
5030,0.0774
5031,0.112466667
5032,0.156133333
5033,0.178633333
5034,0.186366667
5035,0.205033333
5036,0.377666667
5037,0.4652
5038,0.408366667
5039,0.306333333
5040,0.2017
5041,0.225433333
5042,0.149133333
5043,0.110466667
5044,0.095833333
5045,0.102233333
5046,0.132533333
5047,0.165166667
5048,0.237966667
5049,0.333733333
5050,0.3537
5051,0.2675
5052,0.205066667
5053,0.172566667
5054,0.160366667
5055,0.159433333
5056,0.162
5057,0.169733333
5058,0.178466667
5059,0.1925
5060,0.4046
5061,0.579033333
5062,0.591366667
5063,0.5
5064,0.365766667
5065,0.2656
5066,0.2257
5067,0.203766667
5068,0.190366667
5069,0.1809
5070,0.1847
5071,0.189566667
5072,0.237966667
5073,0.324666667
5074,0.308533333
5075,0.219866667
5076,0.133233333
5077,0.075066667
5078,0.050133333
5079,0.051733333
5080,0.068333333
5081,0.097633333
5082,0.123433333
5083,0.129033333
5084,0.2248
5085,0.311066667
5086,0.340633333
5087,0.322533333
5088,0.288266667
5089,0.128066667
5090,0.109666667
5091,0.108433333
5092,0.121033333
5093,0.1376
5094,0.132933333
5095,0.119966667
5096,0.121466667
5097,0.1332
5098,0.147966667
5099,0.128066667
5100,0.1023
5101,0.083466667
5102,0.076366667
5103,0.090233333
5104,0.1188
5105,0.1548
5106,0.190133333
5107,0.245133333
5108,0.364166667
5109,0.366266667
5110,0.2924
5111,0.2224
5112,0.170266667
5113,0.1286
5114,0.096833333
5115,0.088733333
5116,0.0952
5117,0.107033333
5118,0.123333333
5119,0.141433333
5120,0.169966667
5121,0.2668
5122,0.429533333
5123,0.4181
5124,0.3312
5125,0.253933333
5126,0.210833333
5127,0.219133333
5128,0.260733333
5129,0.282166667
5130,0.2655
5131,0.2373
5132,0.312433333
5133,0.300766667
5134,0.2424
5135,0.1985
5136,0.162266667
5137,0.540966667
5138,0.587133333
5139,0.587666667
5140,0.581466667
5141,0.559366667
5142,0.510533333
5143,0.459966667
5144,0.491233333
5145,1.0609
5146,1.471733333
5147,1.297433333
5148,1.049
5149,0.833333333
5150,0.657833333
5151,0.530166667
5152,0.451833333
5153,0.413866667
5154,0.3661
5155,0.3088
5156,0.3558
5157,0.394133333
5158,0.4381
5159,0.4776
5160,0.521333333
5161,1.040366667
5162,0.9212
5163,0.825066667
5164,0.756366667
5165,0.707833333
5166,0.673866667
5167,0.638066667
5168,0.631933333
5169,1.428766667
5170,2.272933333
5171,2.249833333
5172,2.041666667
5173,1.777033333
5174,1.499066667
5175,1.268033333
5176,1.112933333
5177,1.04
5178,0.952
5179,0.798733333
5180,1.077233333
5181,1.3339
5182,1.348433333
5183,1.218
5184,1.107733333
5185,1.410966667
5186,1.218733333
5187,1.0701
5188,0.908966667
5189,0.8124
5190,0.727433333
5191,0.634833333
5192,0.5763
5193,1.162366667
5194,1.6227
5195,1.4759
5196,1.308733333
5197,1.130333333
5198,0.962466667
5199,0.846366667
5200,0.792733333
5201,0.8306
5202,0.9432
5203,0.9392
5204,1.374933333
5205,1.7934
5206,1.889966667
5207,1.836833333
5208,1.7073
5209,0.975333333
5210,0.812033333
5211,0.7041
5212,0.611066667
5213,0.543933333
5214,0.494033333
5215,0.444133333
5216,0.4632
5217,1.0809
5218,1.373566667
5219,1.322433333
5220,1.191633333
5221,1.007733333
5222,0.8572
5223,0.769666667
5224,0.7498
5225,0.801666667
5226,0.905866667
5227,0.9158
5228,1.2379
5229,1.501
5230,1.476866667
5231,1.290233333
5232,1.099933333
5233,0.969833333
5234,0.833666667
5235,0.745566667
5236,0.662066667
5237,0.583833333
5238,0.5179
5239,0.4645
5240,0.573633333
5241,1.4783
5242,1.6403
5243,1.427
5244,1.253766667
5245,1.115433333
5246,1.009166667
5247,0.9621
5248,0.973033333
5249,1.046366667
5250,1.173866667
5251,1.1136
5252,1.320733333
5253,1.487533333
5254,1.436033333
5255,1.2714
5256,1.0819
5257,0.114333333
5258,0.085366667
5259,0.0669
5260,0.066866667
5261,0.081733333
5262,0.115433333
5263,0.1367
5264,0.202833333
5265,0.472533333
5266,0.612666667
5267,0.5846
5268,0.524933333
5269,0.455633333
5270,0.378966667
5271,0.322866667
5272,0.334933333
5273,0.4323
5274,0.543366667
5275,0.557133333
5276,0.589966667
5277,0.534
5278,0.406133333
5279,0.270666667
5280,0.169833333
5281,0.085933333
5282,0.0734
5283,0.065433333
5284,0.061
5285,0.064466667
5286,0.072233333
5287,0.078833333
5288,0.0933
5289,0.082633333
5290,0.069566667
5291,0.069133333
5292,0.0817
5293,0.108233333
5294,0.1465
5295,0.1755
5296,0.200233333
5297,0.220733333
5298,0.224766667
5299,0.2344
5300,0.323966667
5301,0.320633333
5302,0.250333333
5303,0.1768
5304,0.121466667
5305,0.13
5306,0.0927
5307,0.072133333
5308,0.051333333
5309,0.0337
5310,0.0212
5311,0.021433333
5312,0.040533333
5313,0.066466667
5314,0.087333333
5315,0.089266667
5316,0.0804
5317,0.070333333
5318,0.0774
5319,0.112466667
5320,0.156133333
5321,0.178633333
5322,0.186366667
5323,0.205033333
5324,0.377666667
5325,0.4652
5326,0.408366667
5327,0.306333333
5328,0.2017
5329,0.225433333
5330,0.149133333
5331,0.110466667
5332,0.095833333
5333,0.102233333
5334,0.132533333
5335,0.165166667
5336,0.237966667
5337,0.333733333
5338,0.3537
5339,0.2675
5340,0.205066667
5341,0.172566667
5342,0.160366667
5343,0.159433333
5344,0.162
5345,0.169733333
5346,0.178466667
5347,0.1925
5348,0.4046
5349,0.579033333
5350,0.591366667
5351,0.5
5352,0.365766667
5353,0.2656
5354,0.2257
5355,0.203766667
5356,0.190366667
5357,0.1809
5358,0.1847
5359,0.189566667
5360,0.237966667
5361,0.324666667
5362,0.308533333
5363,0.219866667
5364,0.133233333
5365,0.075066667
5366,0.050133333
5367,0.051733333
5368,0.068333333
5369,0.097633333
5370,0.123433333
5371,0.129033333
5372,0.2248
5373,0.311066667
5374,0.340633333
5375,0.322533333
5376,0.288266667
5377,0.128066667
5378,0.109666667
5379,0.108433333
5380,0.121033333
5381,0.1376
5382,0.132933333
5383,0.119966667
5384,0.121466667
5385,0.1332
5386,0.147966667
5387,0.128066667
5388,0.1023
5389,0.083466667
5390,0.076366667
5391,0.090233333
5392,0.1188
5393,0.1548
5394,0.190133333
5395,0.245133333
5396,0.364166667
5397,0.366266667
5398,0.2924
5399,0.2224
5400,0.170266667
5401,0.1286
5402,0.096833333
5403,0.088733333
5404,0.0952
5405,0.107033333
5406,0.123333333
5407,0.141433333
5408,0.169966667
5409,0.2668
5410,0.429533333
5411,0.4181
5412,0.3312
5413,0.253933333
5414,0.210833333
5415,0.219133333
5416,0.260733333
5417,0.282166667
5418,0.2655
5419,0.2373
5420,0.312433333
5421,0.300766667
5422,0.2424
5423,0.1985
5424,0.162266667
5425,0.540966667
5426,0.587133333
5427,0.587666667
5428,0.581466667
5429,0.559366667
5430,0.510533333
5431,0.459966667
5432,0.491233333
5433,1.0609
5434,1.471733333
5435,1.297433333
5436,1.049
5437,0.833333333
5438,0.657833333
5439,0.530166667
5440,0.451833333
5441,0.413866667
5442,0.3661
5443,0.3088
5444,0.3558
5445,0.394133333
5446,0.4381
5447,0.4776
5448,0.521333333
5449,1.040366667
5450,0.9212
5451,0.825066667
5452,0.756366667
5453,0.707833333
5454,0.673866667
5455,0.638066667
5456,0.631933333
5457,1.428766667
5458,2.272933333
5459,2.249833333
5460,2.041666667
5461,1.777033333
5462,1.499066667
5463,1.268033333
5464,1.112933333
5465,1.04
5466,0.952
5467,0.798733333
5468,1.077233333
5469,1.3339
5470,1.348433333
5471,1.218
5472,1.107733333
5473,1.410966667
5474,1.218733333
5475,1.0701
5476,0.908966667
5477,0.8124
5478,0.727433333
5479,0.634833333
5480,0.5763
5481,1.162366667
5482,1.6227
5483,1.4759
5484,1.308733333
5485,1.130333333
5486,0.962466667
5487,0.846366667
5488,0.792733333
5489,0.8306
5490,0.9432
5491,0.9392
5492,1.374933333
5493,1.7934
5494,1.889966667
5495,1.836833333
5496,1.7073
5497,0.975333333
5498,0.812033333
5499,0.7041
5500,0.611066667
5501,0.543933333
5502,0.494033333
5503,0.444133333
5504,0.4632
5505,1.0809
5506,1.373566667
5507,1.322433333
5508,1.191633333
5509,1.007733333
5510,0.8572
5511,0.769666667
5512,0.7498
5513,0.801666667
5514,0.905866667
5515,0.9158
5516,1.2379
5517,1.501
5518,1.476866667
5519,1.290233333
5520,1.099933333
5521,0.969833333
5522,0.833666667
5523,0.745566667
5524,0.662066667
5525,0.583833333
5526,0.5179
5527,0.4645
5528,0.573633333
5529,1.4783
5530,1.6403
5531,1.427
5532,1.253766667
5533,1.115433333
5534,1.009166667
5535,0.9621
5536,0.973033333
5537,1.046366667
5538,1.173866667
5539,1.1136
5540,1.320733333
5541,1.487533333
5542,1.436033333
5543,1.2714
5544,1.0819
5545,0.114333333
5546,0.085366667
5547,0.0669
5548,0.066866667
5549,0.081733333
5550,0.115433333
5551,0.1367
5552,0.202833333
5553,0.472533333
5554,0.612666667
5555,0.5846
5556,0.524933333
5557,0.455633333
5558,0.378966667
5559,0.322866667
5560,0.334933333
5561,0.4323
5562,0.543366667
5563,0.557133333
5564,0.589966667
5565,0.534
5566,0.406133333
5567,0.270666667
5568,0.169833333
5569,0.085933333
5570,0.0734
5571,0.065433333
5572,0.061
5573,0.064466667
5574,0.072233333
5575,0.078833333
5576,0.0933
5577,0.082633333
5578,0.069566667
5579,0.069133333
5580,0.0817
5581,0.108233333
5582,0.1465
5583,0.1755
5584,0.200233333
5585,0.220733333
5586,0.224766667
5587,0.2344
5588,0.323966667
5589,0.320633333
5590,0.250333333
5591,0.1768
5592,0.121466667
5593,0.13
5594,0.0927
5595,0.072133333
5596,0.051333333
5597,0.0337
5598,0.0212
5599,0.021433333
5600,0.040533333
5601,0.066466667
5602,0.087333333
5603,0.089266667
5604,0.0804
5605,0.070333333
5606,0.0774
5607,0.112466667
5608,0.156133333
5609,0.178633333
5610,0.186366667
5611,0.205033333
5612,0.377666667
5613,0.4652
5614,0.408366667
5615,0.306333333
5616,0.2017
5617,0.225433333
5618,0.149133333
5619,0.110466667
5620,0.095833333
5621,0.102233333
5622,0.132533333
5623,0.165166667
5624,0.237966667
5625,0.333733333
5626,0.3537
5627,0.2675
5628,0.205066667
5629,0.172566667
5630,0.160366667
5631,0.159433333
5632,0.162
5633,0.169733333
5634,0.178466667
5635,0.1925
5636,0.4046
5637,0.579033333
5638,0.591366667
5639,0.5
5640,0.365766667
5641,0.2656
5642,0.2257
5643,0.203766667
5644,0.190366667
5645,0.1809
5646,0.1847
5647,0.189566667
5648,0.237966667
5649,0.324666667
5650,0.308533333
5651,0.219866667
5652,0.133233333
5653,0.075066667
5654,0.050133333
5655,0.051733333
5656,0.068333333
5657,0.097633333
5658,0.123433333
5659,0.129033333
5660,0.2248
5661,0.311066667
5662,0.340633333
5663,0.322533333
5664,0.288266667
5665,0.128066667
5666,0.109666667
5667,0.108433333
5668,0.121033333
5669,0.1376
5670,0.132933333
5671,0.119966667
5672,0.121466667
5673,0.1332
5674,0.147966667
5675,0.128066667
5676,0.1023
5677,0.083466667
5678,0.076366667
5679,0.090233333
5680,0.1188
5681,0.1548
5682,0.190133333
5683,0.245133333
5684,0.364166667
5685,0.366266667
5686,0.2924
5687,0.2224
5688,0.170266667
5689,0.1286
5690,0.096833333
5691,0.088733333
5692,0.0952
5693,0.107033333
5694,0.123333333
5695,0.141433333
5696,0.169966667
5697,0.2668
5698,0.429533333
5699,0.4181
5700,0.3312
5701,0.253933333
5702,0.210833333
5703,0.219133333
5704,0.260733333
5705,0.282166667
5706,0.2655
5707,0.2373
5708,0.312433333
5709,0.300766667
5710,0.2424
5711,0.1985
5712,0.162266667
5713,0.540966667
5714,0.587133333
5715,0.587666667
5716,0.581466667
5717,0.559366667
5718,0.510533333
5719,0.459966667
5720,0.491233333
5721,1.0609
5722,1.471733333
5723,1.297433333
5724,1.049
5725,0.833333333
5726,0.657833333
5727,0.530166667
5728,0.451833333
5729,0.413866667
5730,0.3661
5731,0.3088
5732,0.3558
5733,0.394133333
5734,0.4381
5735,0.4776
5736,0.521333333
5737,1.040366667
5738,0.9212
5739,0.825066667
5740,0.756366667
5741,0.707833333
5742,0.673866667
5743,0.638066667
5744,0.631933333
5745,1.428766667
5746,2.272933333
5747,2.249833333
5748,2.041666667
5749,1.777033333
5750,1.499066667
5751,1.268033333
5752,1.112933333
5753,1.04
5754,0.952
5755,0.798733333
5756,1.077233333
5757,1.3339
5758,1.348433333
5759,1.218
5760,1.107733333
